id,bid,text,头条文章url,原始图片url,视频url,位置,日期,工具,likes,评论数,转发数,tag,@用户,完整日期
5048144574285026,OkcsxhYJk,华山 绝美 云海 武侠 感拉满 近日 陕西 渭南 雨后 华山 刚柔并济 云海 蒸腾 波涛汹涌 云雾 群峰 翻滚 网友 华山 云海 好像 人间仙境 陕视 新闻 微博 视频,,,"https://f.video.weibocdn.com/o0/p1K4zxgClx08fPCCba6A01041200N8Te0E010.mp4?label=mp4_720p&template=1280x720.25.0&ori=0&ps=1Cx9YB1mmR49jS&Expires=1719059437&ssig=m%2BBAhbspWL&KID=unistore,video",,2024-06-22T19:15:19,微博视频号,267,154,58,"华山绝美云海武侠感拉满,华山云海好像人间仙境",,2024-06-22 19:15:19
5048139180672619,OkcjQ2OYH,动容 毕业生 送上 束脩 之礼 感谢 师恩 近日 山东 淄博 中考 结束 一名 女生 班主任 送上 束脩 之礼 感谢 师恩 班主任 感动不已 难掩 泪水 说 老师 荣耀 学生 认可 网友 双向 奔赴 师生 情让 感动 人民日报 微博 视频,,,"https://f.video.weibocdn.com/o0/jNNDGVpVlx08fR3aNUIo01041200lKL50E010.mp4?label=mp4_720p&template=720x1280.24.0&ori=0&ps=1Cx9YB1mmR49jS&Expires=1719059425&ssig=f0YB%2FjQr7i&KID=unistore,video",,2024-06-22T18:53:53,微博视频号,607,165,51,"毕业生送上束脩之礼感谢师恩,这样双向奔赴的师生情让人感动",,2024-06-22 18:53:53
5048133010589349,Okc9T2tjD,好萌 荒漠 猫 亲子 时光 近日 摄影师 青海省 海晏县 拍摄 国家一级 重点保护 野生动物 荒漠 猫 画面 视频 一只 雌性 荒漠 猫 三个 幼崽 休闲 玩耍 三只 小家伙 活泼 好动 可爱 荒漠 猫 青藏高原 东部 生性 机警 善于 捕猎 特有 猫科动物 贾丰丰 边建忠 人民日报 微博 视频,,,"https://f.video.weibocdn.com/o0/zM0fwHkzlx08fR1uRdmM01041201hnpu0E010.mp4?label=mp4_720p&template=1280x720.25.0&ori=0&ps=1CwnkDw1GXwCQx&Expires=1719059419&ssig=rXrL5rC%2Fik&KID=unistore,video",,2024-06-22T18:29:22,微博视频号,847,281,133,荒漠猫的亲子时光,,2024-06-22 18:29:22
5048125629137927,OkbXYClbV,辛苦 广西 柳州 武警官兵 连夜 奋战 清淤 近日 广西 柳州 洪水 渐退 淤泥 覆盖 垃圾 堆积 当晚 武警 广西 总队 柳州 支队 出动 300 余名 官兵 展开 清淤 21 日 时 武警官兵 疏通 清理 道路 3.7 公里 转移 物资 约 1200 余件 清理 淤泥 2.5 万立方米 居民 生产 生活 恢复正常 央广 军事,,"https://wx3.sinaimg.cn/large/0033ImPzly1hqyab0gljvj60j60cqq6j02.jpg,https://wx3.sinaimg.cn/large/0033ImPzly1hqyab0tyyrj60j60cqae002.jpg,https://wx3.sinaimg.cn/large/0033ImPzly1hqyab0gn17j60j60cqtcv02.jpg,https://wx2.sinaimg.cn/large/0033ImPzly1hqyab0g7w2j60j60cqgp602.jpg,https://wx4.sinaimg.cn/large/0033ImPzly1hqyab0gmq3j60j60cq78702.jpg,https://wx2.sinaimg.cn/large/0033ImPzly1hqyab0g6cxj60j60cqwi602.jpg,https://wx3.sinaimg.cn/large/0033ImPzly1hqyab0gnr7j60j60cqjvd02.jpg,https://wx2.sinaimg.cn/large/0033ImPzly1hqyab0ft8xj60j60csmzw02.jpg,https://wx3.sinaimg.cn/large/0033ImPzly1hqyab0go02j60j60cqae002.jpg",,,2024-06-22T18:00:02,微博网页版,1246,325,179,广西柳州武警官兵连夜奋战清淤,,2024-06-22 18:00:02
5048116426050583,OkbJ8po23,2024 考生 考查 分前 必看 批次 录取 分数线 高考 专业 提前 批 录取 参加 批次 录取 解析 填报 热点 解答 高考 志愿 填报 60 必看 问答 转需 专业 报考 指南 2024 考生 查分 前必,,,,,2024-06-22T17:23:28,微博 weibo.com,737,191,252,"高考查分前必看,高考志愿填报60个必看问答,专业报考指南",,2024-06-22 17:23:28
5048101494067788,Okbl3h4du,同学 愿 一路 繁花 前程似锦 高校 毕业 季设 巨型 花束 打卡 点 毕业 季 内蒙古 工业 大学 校园 设置 一束 巨型 花束 供 毕业 学子 拍照 打卡 祝福 毕业 学生 一路 繁花 前程似锦 网友 羡慕 内蒙古 广播 电视台 微博 视频,,,"https://f.video.weibocdn.com/o0/Sm003t5Klx08fQJTG6BW01041200g4cy0E010.mp4?label=mp4_720p&template=720x1280.24.0&ori=0&ps=1Cx9YB1mmR49jS&Expires=1719059453&ssig=8tJVI76r05&KID=unistore,video",,2024-06-22T16:24:08,微博视频号,1954,479,208,高校毕业季设巨型花束打卡点,,2024-06-22 16:24:08
5048093795948053,Okb8DoXml,云南 元江 蝴蝶 爆发 梦幻 如加 特效 月 月 云南省 元江县 迎来 蝴蝶 爆发 期 数不清 蝴蝶 阳光 翩翩起舞 一幅 美丽 画卷 蝴蝶 爆发 漫天 飞舞 壮观 杨 松阳 李方芳 靳浩 人民日报 微博 视频,,,"https://f.video.weibocdn.com/o0/gSne7SgGlx08fQQMJaKA01041200IItz0E010.mp4?label=mp4_720p&template=1280x720.25.0&ori=0&ps=1Cx9YB1mmR49jS&Expires=1719059445&ssig=zWL2Q7cFW7&KID=unistore,video",,2024-06-22T15:53:33,微博视频号,1146,399,250,"蝴蝶大爆发梦幻如加特效,蝴蝶爆发漫天飞舞有多壮观",,2024-06-22 15:53:33
5048082075747136,OkaPJo75K,祝贺 发射 天文 卫星 搭载 天文 卫星 长征二号 丙 运载火箭 月 22 日 西昌卫星发射中心 发射 升空 卫星 中法 两国 联合 空间科学 卫星 迄今为止 全球 伽马 暴 波段 观测 最强 卫星 伽马 暴 天文 科学 发挥 张未 王豪 喻 思南 陈昊杰,,"https://wx1.sinaimg.cn/large/0033ImPzly1hqy616uoa3j64mo3344qt02.jpg,https://wx3.sinaimg.cn/large/0033ImPzly1hqy6154rklj60zk0npagl02.jpg",,,2024-06-22T15:06:58,微博网页版,1326,465,188,我国发射中法天文卫星,,2024-06-22 15:06:58
5048073896334300,OkaCxqzQ8,高校 离世 渐冻症 学生 名字 设立 自强不息 奖 近日 西南政法大学 毕业典礼 校长 林维 纪念 2023 不幸 离世 渐冻症 学生 邓显松 热爱生活 追求 卓越 精神 学校 设立 显松 自强不息 奖 邓显松 岁 时 患上 进行性 肌 营养不良 症 大脑 脑干 脊髓 运动 神经细胞 侵袭 肌肉 萎缩 无力 全身 瘫痪 身体 冻住 俗称 渐冻 身体 困住 从没 放弃 并于 2021 592 分 成绩 考入 西南政法大学 患 渐冻症 学生 离世 校长 毕业典礼 上游 新闻 微博 视频,,,"https://f.video.weibocdn.com/u0/HjKbhicdgx08fPd5gp2E01041200fri10E010.mp4?label=mp4_720p&template=720x1280.24.0&ori=0&ps=1Cx9YB1mmR49jS&Expires=1719059450&ssig=Lygj3HCaw0&KID=unistore,video",,2024-06-22T14:34:28,微博视频号,1164,225,119,高校用离世渐冻症学生名字设立自强不息奖,,2024-06-22 14:34:28
5048064287443233,Okan2vek9,台下 十年 功 戏曲 演员 跳 凳子 实力 演绎 身轻如燕 近日 陕西 汉中 汉调 桄 桄 演员 王乙妃 跳 凳子 登台 演出 视频 台上 一分钟 台下 十年 功 动作 跳 至少 光跳 凳子 跳 小时 戏曲 演员 跳 凳子 如会 轻功 提醒 随意 模仿 中国青年报 人民日报 微博 视频,,,"https://f.video.weibocdn.com/o0/SghVB8Telx08fQIKiEv6010412007VxA0E010.mp4?label=mp4_720p&template=576x1024.24.0&ori=0&ps=1BVp4ysnknHVZu&Expires=1719059442&ssig=8JrKb0pQAr&KID=unistore,video",,2024-06-22T13:56:17,微博视频号,3045,484,314,"戏曲演员跳凳子实力演绎身轻如燕,戏曲演员跳凳子如会轻功",,2024-06-22 13:56:17
5048053038322947,Oka4TyVb5,生命 力量 延时 摄影 金蝉脱壳 近日 气温 升高 蝉 迎接 夏天 到来 秒 金蝉脱壳 全过程 CCTV 纪录 云南 CCTV 纪录 微博 视频,,,"https://f.video.weibocdn.com/o0/rikSXxcmlx08fKQNY3BS010412008yHl0E010.mp4?label=mp4_720p&template=720x1280.24.0&ori=0&ps=1Cx9YB1mmR49jS&Expires=1719059417&ssig=kXSibJWtg%2F&KID=unistore,video",,2024-06-22T13:11:35,微博视频号,1966,584,506,"延时摄影看金蝉脱壳,30秒看金蝉脱壳全过程",,2024-06-22 13:11:35
5048046681327948,Ok9UE5zsw,大运河 里 古人 智慧 有多绝 行看 穿越 千年 大运河 2014 月 22 日 大运河 列入 世界遗产 名录 穿越 2500 多年 蜿蜒 3200 公里 大运河 中华民族 最具 标识 独特 大运河 申遗 成功 周年 一组 中华文化 笔记 流动,,"https://wx1.sinaimg.cn/large/0033ImPzly1hqy18g1ayuj60j60sfgwm02.jpg,https://wx1.sinaimg.cn/large/0033ImPzly1hqy18fvbr3j60j60sf47l02.jpg,https://wx3.sinaimg.cn/large/0033ImPzly1hqy18g0adaj60j60sfal002.jpg,https://wx2.sinaimg.cn/large/0033ImPzly1hqy18g1kjyj60j60sfwqa02.jpg,https://wx4.sinaimg.cn/large/0033ImPzly1hqy18fkrpyj60j60sfk0v02.jpg,https://wx2.sinaimg.cn/large/0033ImPzly1hqy18fwaw9j60j60sfn6q02.jpg,https://wx3.sinaimg.cn/large/0033ImPzly1hqy18g3sxqj60j614u4e902.jpg,https://wx4.sinaimg.cn/large/0033ImPzly1hqy18fxrumj60j60sfk1b02.jpg,https://wx4.sinaimg.cn/large/0033ImPzly1hqy18g6keaj60j61fzau102.jpg",,,2024-06-22T12:46:20,微博网页版,1383,457,518,"大运河里的古人智慧有多绝,文化中国行看穿越千年的大运河,中华文化学习笔记",,2024-06-22 12:46:20
5048038014588553,Ok9GFjfGV,优秀 优秀 老兵 装备 满是 欣慰 近日 联勤 部队 某部 迎来 位老 工程兵 年前 开山 拓荒 凿石 挖洞 重返 军营 装备 话 里 感慨 欣慰 致敬 人民日报 微博 视频,,,"https://f.video.weibocdn.com/o0/m4eKPNt4lx08fQBA1O7S01041200oSjw0E010.mp4?label=mp4_720p&template=720x1280.24.0&ori=0&ps=1Cx9YB1mmR49jS&Expires=1719059426&ssig=tuIsmoqq%2B1&KID=unistore,video",,2024-06-22T12:11:53,微博视频号,2494,525,227,老兵体验新装备满是欣慰,,2024-06-22 12:11:53
5048026351797573,Ok9nR7xD7,加油 滑板 小花 晋级 巴黎 奥运会 滑板 少女 加油 北京 时间 22 凌晨 巴黎 奥运会 资格 系列赛 布达佩斯 站 滑板 女子 街式 预赛 朱沅铃 崔宸 曦 曾文蕙 位列 15 携手 晋级 半决赛 确保 三人 提前 锁定 巴黎 奥运会 参赛 资格 滑板 运动 奥运 新兴 项目 东京 奥运会 中国队 女子 街式 项目 曾文蕙 一人 参赛 巴黎 奥运会 中国队 项目 满额 参赛 突破 跨越 人民日报 记者 王亮,,https://wx1.sinaimg.cn/large/0033ImPzly1hqxyvnzpnyj60nw0dfdk602.jpg,,,2024-06-22T11:25:33,微博网页版,1384,546,202,"中国滑板三小花晋级巴黎奥运会,为中国滑板少女加油",,2024-06-22 11:25:33
5048017990715772,Ok9an30cI,实用 毕业 拍得 好玩 一年 毕业 季 毕业 照拍 新花样 毕业 拍摄 攻略 快门 定格 校园 时光 2024 毕业 季 人民日报 微博 视频,,,"https://f.video.weibocdn.com/o0/b38nzljWlx085GmstfW001041200cV5k0E010.mp4?label=mp4_720p&template=720x960.24.0&ori=0&ps=1Cx9YB1mmR49jS&Expires=1719059447&ssig=HNbyYp5J1v&KID=unistore,video",,2024-06-22T10:52:19,微博视频号,779,394,184,"毕业照可以拍得多好玩,毕业照拍摄攻略,2024毕业季",,2024-06-22 10:52:19
5048006674222478,Ok8S7hIsu,报 志愿 有用 3117 高校 全名单 明起 高考 出分 心仪 大学 3117 高校 全名单 一文 加油 理想 大学 网页 链接 报 志愿 有用 教育部 3117 高校 全名单,,,,,2024-06-22T10:07:21,微博 weibo.com,2742,518,854,"全国3117所高校全名单,明起高考就要出分了",,2024-06-22 10:07:21
5047996545238730,Ok8BMlYPE,万吨 大驱 大连 舰 航拍 大片 秒 万吨 大驱 大连 舰 驰骋 大洋 感受 满屏 万吨 大驱 带来 安全感 央视 军事 微博 视频,,,"https://f.video.weibocdn.com/o0/1fAFLp37lx08fPrxPGwU01041200Jdbq0E010.mp4?label=mp4_720p&template=1280x720.25.0&ori=0&ps=1Cx9YB1mmR49jS&Expires=1719059454&ssig=5PgoY7EBkA&KID=unistore,video",,2024-06-22T09:27:06,微博视频号,1699,709,392,"万吨大驱大连舰航拍大片,30秒看万吨大驱大连舰驰骋大洋",,2024-06-22 09:27:06
5047988474348837,Ok8oLifkx,毕业 姜铁红 跳 奔腾 祝福 毕业生 近日 中央民族大学 毕业典礼 姜铁红 院长 姜铁红 戈壁 石 毕业生 跳 奔腾 祝福 毕业生 笑傲江湖 勇闯 天涯 2024 毕业 季 人民日报 微博 视频,,,"https://f.video.weibocdn.com/o0/uA66WoMhlx08fQo41RV601041200JUzM0E010.mp4?label=mp4_720p&template=576x1024.24.0&ori=0&ps=1CwnkDw1GXwCQx&Expires=1719059458&ssig=pEgFhZmDAR&KID=unistore,video",,2024-06-22T08:55:02,微博视频号,11098,921,827,"姜铁红再跳奔腾祝福毕业生,2024毕业季","中央民族大学,姜铁红_戈壁石",2024-06-22 08:55:02
5047977162310325,Ok86w9H1j,祝 金榜题名 明起 省份 查 高考 成绩 29 省份 公布 高考 出分 时间 月 23 日至 25 日 明天 预计 上海 四川 宁夏 云南 出分 2024 高考 成绩 公布 时间 汇总 祝福 考生 最全 汇总 2024 考查 分 时间,,,,,2024-06-22T08:10:05,微博 weibo.com,2062,753,403,"明起多省份可查高考成绩,29省份公布高考出分时间,2024高考成绩公布时间汇总",,2024-06-22 08:10:05
5047967419467223,Ok7QNDIR9,干货 高考 志愿 填报 超 详细 知识点 陆续 高考 成绩 志愿 填报 报 志愿 资料 志愿 填报 哪几种 高考 报 志愿 避开 误区 志愿 填报 知识点 帮 转需 愿 梦中 情校 学到 理想 专业 专业 报考 指南,,"https://wx4.sinaimg.cn/large/0033ImPzly1hqxs52z6kbj60j60xgwop02.jpg,https://wx1.sinaimg.cn/large/0033ImPzly1hqxs52x50uj60j60pjdnh02.jpg,https://wx1.sinaimg.cn/large/0033ImPzly1hqxs52xah0j60j60rtwmh02.jpg,https://wx1.sinaimg.cn/large/0033ImPzly1hqxs5305g3j60j60wzwof02.jpg,https://wx1.sinaimg.cn/large/0033ImPzly1hqxs52u47lj60j60odag802.jpg,https://wx3.sinaimg.cn/large/0033ImPzly1hqxs52x55vj60j60tan4s02.jpg,https://wx2.sinaimg.cn/large/0033ImPzly1hqxs52yg10j60j60uhthi02.jpg,https://wx4.sinaimg.cn/large/0033ImPzly1hqxs52zebdj60j60uhn7802.jpg,https://wx2.sinaimg.cn/large/0033ImPzly1hqxs5307vij60j616lgy302.jpg",,,2024-06-22T07:31:22,微博网页版,1278,353,743,"高考志愿填报超详细知识点,高考报志愿要避开的9个误区,专业报考指南",,2024-06-22 07:31:22
5047960238556813,Ok7FdzU17,松弛 感 配色 唤醒 周末 生活 紧绷 人生 一场 长跑 保持良好 心态 分配 精力 行稳 致远 无需 用力 过猛 节奏 忙 时 全心投入 闲时 松弛 理智 从容自如 送 养成 松弛 感 愿 不忧 不惧 想要 样子 周末 早安,,"https://wx1.sinaimg.cn/large/0033ImPzly1hqxrbsvyq2j60m80m875u02.jpg,https://wx3.sinaimg.cn/large/0033ImPzly1hqxrbswkoij60m80m8abg02.jpg,https://wx1.sinaimg.cn/large/0033ImPzly1hqxrbsw36hj60m80m8abe02.jpg,https://wx4.sinaimg.cn/large/0033ImPzly1hqxrbsvxnej60m80m8gn202.jpg,https://wx4.sinaimg.cn/large/0033ImPzly1hqxrbsvyc6j60m80m8wg702.jpg,https://wx2.sinaimg.cn/large/0033ImPzly1hqxrbsvybdj60m80m8dhe02.jpg,https://wx1.sinaimg.cn/large/0033ImPzly1hqxrbsw5orj60m80m8jsv02.jpg,https://wx4.sinaimg.cn/large/0033ImPzly1hqxrbsw4r6j60m80m80u102.jpg,https://wx4.sinaimg.cn/large/0033ImPzly1hqxrbsw1ovj60m80m80u502.jpg",,,2024-06-22T07:02:50,微博网页版,3990,2025,1957,"松弛感配色9图唤醒周末,养成松弛感的9个方法",,2024-06-22 07:02:50
5047842471673946,Ok4Bh71t8,你好 明天 可判 死刑 缺席 审判 两高 三部 联合 意见 依法严惩 台独 分裂 犯罪 台独 分裂 势力 亮剑 决心 办法 统一 大势 正道 台独 逆流 绝路 正告 台独 顽固 分子 正义 审判 绝不会 缺席 胆敢 以身试法 必遭 法律 严惩 祖国 统一 统一,,https://wx4.sinaimg.cn/large/0033ImPzly1hqxdsstclcj60u01h5qt302.jpg,,,2024-06-21T23:14:51,微博网页版,8543,1706,1444,"你好，明天,祖国必须统一也必然统一",,2024-06-21 23:14:51
5047839571052042,Ok4wB4pGq,可判 死刑 缺席 审判 惩治 台独 顽固 分子 利剑 依法惩治 台独 顽固 分子 分裂 煽动 分裂 犯罪 意见 情形 分裂 罪 煽动 分裂 罪 处罚 量刑,,"https://wx4.sinaimg.cn/large/0033ImPzly1hqxdf2ly5cj60u01d4awo02.jpg,https://wx2.sinaimg.cn/large/0033ImPzly1hqxdf2g788j60u00zmnah02.jpg,https://wx4.sinaimg.cn/large/0033ImPzly1hqxdf2inwxj60u00zmdun02.jpg,https://wx1.sinaimg.cn/large/0033ImPzly1hqxdf2kr69j60u00zmk6p02.jpg,https://wx2.sinaimg.cn/large/0033ImPzly1hqxdf2jswxj60u00zmtnq02.jpg,https://wx4.sinaimg.cn/large/0033ImPzly1hqxdf2ftenj60u00zmgze02.jpg,https://wx1.sinaimg.cn/large/0033ImPzly1hqxdf2lcpcj60u01bukaq02.jpg,https://wx4.sinaimg.cn/large/0033ImPzly1hqxdf2hngfj60u00zm7hm02.jpg,https://wx1.sinaimg.cn/large/0033ImPzly1hqxdf2jq8sj60u00zmk6f02.jpg,https://wx3.sinaimg.cn/large/0033ImPzly1hqxdf2ge0tj60u00zm4bq02.jpg,https://wx4.sinaimg.cn/large/0033ImPzly1hqxdf2kvtbj60u00zm4du02.jpg,https://wx3.sinaimg.cn/large/0033ImPzly1hqxdf2jse2j60u013o4fc02.jpg",,,2024-06-21T23:03:21,微博网页版,2158,435,560,"惩治台独顽固分子的利剑来了,哪些情形构成分裂国家罪煽动分裂国家罪",,2024-06-21 23:03:21
5047823298986068,Ok46lBHGA,做好 主 雨带 北 抬 地区 旱涝 急转 21 日 防总 办公室 气象 水利 自然资源 联合会 商 天 黄淮 南部 江汉 江淮 江南 北部 贵州 云南 降雨 增多 南海 热带 局地 降雨 洪涝 地质灾害 湖北 江苏 安徽 地要 严防 旱涝 急转 生命财产 网页 链接,,https://wx2.sinaimg.cn/large/0033ImPzly1hqxbcp1favj60j60j6gnj02.jpg,,,2024-06-21T21:58:40,微博网页版,774,452,147,"主雨带北抬部分地区可能发生旱涝急转,湖北江苏安徽等地要严防旱涝急转",,2024-06-21 21:58:40
5047820135958024,Ok41foZXa,人民日报 夜读 夏 字 句句 夏天 轻轻 摇动 蒲扇 精心 熬制 绿豆汤 树荫下 躺椅 铺 凉席 旧 风扇 头顶 吱呀呀 随风 轻轻 摆动 窗帘 花露水 淡淡 清香 踏实 臂弯 动人 故事 夏天 模样 夜读 夏 字 句句 夏天,,,,,2024-06-21T21:46:07,微博 weibo.com,2865,1872,1003,人民日报夜读,,2024-06-21 21:46:07
5047812698145623,Ok3Pfyb31,AI 黏土 滤镜 打开 夏至 夏至 西瓜 香甜 海风 清凉 夏花 绚烂 AI 微缩 景观 里 夏天 万物 可爱 黏土 世界 迎接 盛夏 人民日报 微博 视频,,,"https://f.video.weibocdn.com/o0/lkUjypPclx08fPC5QR1C01041200O5wl0E010.mp4?label=mp4_720p&template=1280x720.25.0&ori=0&ps=1Cx9YB1mmR49jS&Expires=1719059466&ssig=2%2BMrDiwlB%2F&KID=unistore,video",,2024-06-21T21:16:34,微博视频号,1756,437,343,用AI黏土滤镜打开夏至,,2024-06-21 21:16:34
5047796522291357,Ok3pa9C5n,刘国梁 寄语 国乒 摆低 位置 拼 巴黎 奥运 人民日报 媒体 专访 中国乒乓球协会 主席 刘国梁 刘国梁 寄语 队员 理所当然 五块 金牌 中国队 守 摆低 位置 拼 国乒 最新 备战 画面 刘国梁 国乒要 摆 位置 拼 人民日报 微博 视频,,,"https://f.video.weibocdn.com/o0/onWBA5rnlx08fPxHhGtG01041200vsko0E010.mp4?label=mp4_720p&template=720x720.24.0&ori=0&ps=1Cx9YB1mmR49jS&Expires=1719059483&ssig=Guc3wY5CqZ&KID=unistore,video",,2024-06-21T20:12:17,微博视频号,62317,3520,13832,"刘国梁寄语国乒,国乒最新备战画面,刘国梁 国乒要摆低位置去拼",,2024-06-21 20:12:17
5047792529047912,Ok3iIBXM4,致敬 坚守 大漠 里 凿 陡壁 土丘 派出所 日常 风速 每秒 米 温差 高达 70 摄氏度 寒暑 交替 罗布泊 东南 边缘 距离 甘肃 敦煌 市区 180 多公里 有个 窑洞 里 派出所 位民辅警 坚守 多年 派出所 救援 200 余次 多万人次 游客 派出所 会议室 里 一行 字 耐得 住 寂寞 扛得住 炎热 经得住 风沙 守得 住 阵地 网页 链接 人民日报 微博 视频,,,"https://f.video.weibocdn.com/o0/mqdZ5KBzlx08fPwA9oJq01041200FT890E010.mp4?label=mp4_720p&template=720x1280.24.0&ori=0&ps=1Cx9YB1mmR49jS&Expires=1719059469&ssig=YU3%2Fdqclkt&KID=unistore,video",,2024-06-21T19:56:25,微博视频号,1692,469,294,"大漠里有个凿在陡壁土丘上的派出所,窑洞里的派出所",,2024-06-21 19:56:25
5047772769947031,Ok2MQFJFZ,强降雨 已致 广东 平远 38 死亡 人失联 新华社 记者 21 日 广东省 梅州市 平远县 三防 指挥部 21 日 15 时 受 强降雨 该县 因灾 38 死亡 人失联,,"https://wx3.sinaimg.cn/large/0033ImPzly1hqx5ybedz6j61kw11wnpd02.jpg,https://wx4.sinaimg.cn/large/0033ImPzly1hqx5yb1x2qj61kw11xkjl02.jpg",,,2024-06-21T18:37:54,微博网页版,1326,655,225,强降雨已致广东平远38人死亡2人失联,,2024-06-21 18:37:54
5047762154428359,Ok2vJiA19,国台办 惩治 台独 刑事 措施 涉及 台湾同胞 意见 台独 顽固 分子 涉及 台湾同胞 依法惩治 台独 顽固 分子 分裂 煽动 分裂 犯罪 意见 台湾 民众 担心 这份 司法 言论自由 两岸 顾虑 提问 国台办 发言人 陈斌华 意见 标题 正文 清晰 指明 刑事 惩治 措施 极少数 涉 言行 恶劣 谋 猖獗 台独 顽固 分子 分裂 煽动 分裂 犯罪 涉及 台湾同胞 台独 导致 台湾 兵凶战危 民众 利益 受损 大祸 源 依法严惩 台独 分裂 犯罪 台湾同胞 安享 两岸关系 和平 红利 和平 安宁 好日子 人民日报 记者 程龙,,https://wx3.sinaimg.cn/large/0033ImPzly1hqx4ky5l87j60j60j6gnj02.jpg,,,2024-06-21T17:55:43,微博网页版,2089,452,253,"惩治台独刑事措施不涉及广大台湾同胞,意见针对台独顽固分子不涉及广大台湾同胞",,2024-06-21 17:55:43
5047757238438857,Ok2nNzpkB,祖国 统一 统一 统一 大势 正道 台独 逆流 绝路 依法严惩 台独 分裂 犯罪 捍卫 国家主权 统一 领土完整 台独 分裂 行径 定罪 量刑,,https://wx3.sinaimg.cn/large/0033ImPzly1hqx3zzvytcj60u01h5qt302.jpg,,,2024-06-21T17:36:11,微博网页版,48751,4220,8486,"祖国必须统一也必然统一,对台独分裂行径有了具体定罪量刑标准",,2024-06-21 17:36:11
5047752379597081,Ok2fXEgDD,中组部 划拨 1.38 亿元 党费 支持 防汛 抗旱 1.38 亿元 党费 支持 闽粤 豫 防汛 抗旱 近日 中央组织部 从代 中央 党费 福建 广东 河南 11 省区 划拨 专项资金 1.38 亿元 支持 防汛 抗旱 中央组织部 这笔 党费 拨付 慰问 奋战 防汛 抗旱 第一线 党员 群众 慰问 受灾 生活 困难 党员 群众 修缮 因灾 受损 党员 设施 省区 本级 党费 落实 配套 资金 划拨 防汛 抗旱 专款专用 网页 链接,,https://wx1.sinaimg.cn/large/0033ImPzly1hqx3glwp87j60j60j6gnj02.jpg,,,2024-06-21T17:16:53,微博网页版,869,162,134,"中组部划拨1.38亿元党费支持防汛抗旱,1.38亿元党费支持闽粤豫等地防汛抗旱",,2024-06-21 17:16:53
5047743250698019,Ok21f2VAn,划 重点 台独 分裂 犯罪 可判 死刑 依法惩治 台独 顽固 分子 分裂 煽动 分裂 犯罪 意见 意见 第二条 首要分子 罪行 处 无期徒刑 十年 有期徒刑 危害 特别 情节 特别 恶劣 判处死刑 参加 处 三年 十年 有期徒刑 参加 处 三年 有期徒刑 拘役 管制 剥夺 政治权利 台独 分裂 行径 定罪 量刑,,https://wx3.sinaimg.cn/large/0033ImPzly1hqx27q6ojij60u012cdp502.jpg,,,2024-06-21T16:40:36,微博网页版,4008,608,466,"台独分裂犯罪最高可判死刑,对台独分裂行径有了具体定罪量刑标准",,2024-06-21 16:40:36
5047738330252642,Ok1Tj13IS,四个 关键点 懂 依法严惩 台独 犯罪 意见 月 21 日 依法惩治 台独 顽固 分子 分裂 煽动 分裂 犯罪 意见 台独 分裂 行径 定罪 量刑 分裂 行径 犯罪 情节 重申 追诉 期限 宽严 相济 体现 罚当 其罪 法定程序 诉讼 权利 人民日报 微博 视频,,,"https://f.video.weibocdn.com/o0/6rB2jfaBlx08fPhPds3e01041200byQN0E010.mp4?label=mp4_720p&template=720x1280.24.0&ori=0&ps=1BThihd3VLAY5R&Expires=1719059513&ssig=qZINTJPcFN&KID=unistore,video",,2024-06-21T16:21:03,微博视频号,1992,299,290,"四个关键点看懂依法严惩台独犯罪意见,对台独分裂行径有了具体定罪量刑标准",,2024-06-21 16:21:03
5047730316252144,Ok1Gnqet2,依法惩治 台独 分裂 犯罪 意见 月 21 日 最高人民法院 最高人民检察院 公安部 国家安全部 司法部 联合 依法惩治 台独 顽固 分子 分裂 煽动 分裂 犯罪 意见 之日起 施行 祖国 统一 统一 台独 分裂 行径 定罪 量刑 依法惩治 台独 顽固 分子 分裂 煽动 分裂 犯罪 意见,,,,,2024-06-21T15:49:12,微博 weibo.com,62638,3593,6273,"依法惩治台独分裂犯罪意见全文,祖国必须统一也必然统一,对台独分裂行径有了具体定罪量刑标准",,2024-06-21 15:49:12
5047725190547336,Ok1y72io0,国防部 新一轮 对台 军售 答问 粉碎 台独 分裂 图谋 美对 台 军售 无异于 谋财害命 自私 虚伪 至极 美国国防部 国防 合作局 近日 美方 批准 两批 总额 约 3.6 亿美元 台 军售 计划 包括 两型 无人机 配套 国防部 新闻 发言人 吴谦 民进党 当局 妄图 武谋独 美国 执意 以武助 台海 和平 稳定 威胁 美方 频频 台售武 台湾 老百姓 血汗钱 养肥 军工 复合体 不惜 台湾 火药桶 无异于 谋财害命 自私 虚伪 至极 民进党 当局 倚 外谋独 买 武器 不来 只会 战火 引向 台湾 棋子 终将 沦为 弃子,,https://wx2.sinaimg.cn/large/0033ImPzly1hqx09u8flsj60uz2lj1cu02.jpg,,,2024-06-21T15:28:50,微博网页版,726,175,132,"国防部就美新一轮对台军售答问,美对台军售无异于谋财害命自私虚伪至极",,2024-06-21 15:28:50
5047719498088578,Ok1oVxWcW,两高 三部 意见 惩治 台独 分裂 犯罪 月 21 日 最高人民法院 最高人民检察院 公安部 国家安全部 司法部 联合 依法惩治 台独 顽固 分子 分裂 煽动 分裂 犯罪 意见 之日起 施行 台独 分裂 行径 定罪 量刑,,https://wx4.sinaimg.cn/large/0033ImPzly1hqwznkcjavj60j60j6gnj02.jpg,,,2024-06-21T15:06:12,微博网页版,4052,555,956,"两高三部发布意见惩治台独分裂犯罪,对台独分裂行径有了具体定罪量刑标准",,2024-06-21 15:06:12
5047713178061265,Ok1eJxP6p,教育部 最新 高校 名单 2024 月 日 高等学校 共计 3117 高等学校 2868 含 本科 学校 1308 高职 专科 学校 1560 成人 高等学校 249 名单 未 包含 港澳台地区 高等学校 3117 高校 全名单 戳 链接 网页 链接 填报 志愿 用得上,,https://wx3.sinaimg.cn/large/0033ImPzly1hqwyyj78ysj619x0ye1kx02.jpg,,,2024-06-21T14:41:06,微博网页版,1008,230,583,"最新全国高校名单,全国3117所高校全名单",,2024-06-21 14:41:06
5047710866211375,Ok1b0q3Rt,退伍 大学生 毕业典礼 齐唱 军歌 太燃 放心 祖国 放心 亲人 路 勇敢 近日 宁波大学 2024 届 本科生 毕业典礼 暨 学位 授予 仪式 退伍 大学生 齐唱 军歌 来临 听得 热血沸腾 2024 毕业 季 新华社 人民日报 微博 视频,,,"https://f.video.weibocdn.com/o0/lBm3stwNlx08fPair8U001041200hvKX0E010.mp4?label=mp4_720p&template=576x1024.24.0&ori=0&ps=1Cx9YB1mmR49jS&Expires=1719059505&ssig=KvMfEL3v%2F6&KID=unistore,video",,2024-06-21T14:31:55,微博视频号,1820,238,166,"退伍大学生毕业典礼齐唱军歌太燃了,2024毕业季",,2024-06-21 14:31:55
5047700179651691,Ok0TLEuQr,绚烂 延时 欣赏 各色 夏花 优雅 绽放 木槿花 合欢花 睡莲 荷花 鸢尾花 各色 夏花 绚烂 多姿 令人 赏心悦目 今日 夏至 愿 美好 如约 荔枝 风景线 微博 视频,,,"https://f.video.weibocdn.com/o0/0DIr3pZIlx08fOTAwj3a01041200YbtT0E010.mp4?label=mp4_720p&template=720x1280.24.0&ori=0&ps=1CwnkDw1GXwCQx&Expires=1719059482&ssig=HRHjT%2BLHjA&KID=unistore,video",,2024-06-21T13:49:27,微博视频号,3701,1061,1244,"延时欣赏各色夏花优雅绽放,夏至",,2024-06-21 13:49:27
5047687831885149,Ok0zR7UpD,月球 地球 嫦娥 六号 说 月球 神秘 包裹 派送 嫦娥 六号 月球 探测器 发来 一条 物流 通知 官宣 月球 神秘 包裹 运输 运输 进度 70% 网友 期待 嫦娥 六号 带来 土特产,,https://wx1.sinaimg.cn/large/0033ImPzly1hqww1i78fzj60q905ldh402.jpg,,,2024-06-21T13:00:23,微博网页版,1189,396,197,"嫦娥六号说来自月球的神秘包裹派送中,期待嫦娥六号带来的土特产",嫦娥六号月球探测器,2024-06-21 13:00:23
5047680499977386,Ok0o1FRzA,习近平 宁夏 习近平 宁夏 时 黄河流域 生态 高质量 先行 区 中国式 谱写 宁夏 篇章 中共中央 总书记 主席 中央军委 主席 习近平 近日 宁夏 时 宁夏 贯彻 理念 稳中求进 总 基调 铸牢 中华民族 共同体 意识 线 黄河流域 生态 高质量 先行 区 牵引 统筹 高质量 高水平 深化改革 扩大开放 城镇化 民族团结 共同富裕 加快 经济繁荣 民族团结 环境优美 富裕 美丽 宁夏 奋力 谱写 中国式 宁夏 篇章 月 日 习近平 结束 青海 来到 宁夏 当天 下午 宁夏回族自治区 党委书记 梁言 顺和 自治区 政府 主席 张雨浦 陪同 银川市 银川市 金凤区 长城 花园 社区 民族 聚居 大型 社区 习近平 来到 社区 党群 服务中心 走进 便民服务 厅 社区卫生 站 爱心 超市 听取 社区 介绍 详细 社区 发挥 党组织 邻里 便民 惠民 情况 来到 社区 活动室 饶有兴致 观看 居民 剪纸 创作 舞蹈 排练 亲切 鼓励 退休 居民 老有所养 老有所乐 老有所为 习近平 指出 社区 党组织 党 群众 神经末梢 社区 发挥 领导 社区 党组织 建好 建强 社区 主心骨 党建 引领 紧紧围绕 解决 居民 急难 愁 盼 老百姓 各项 做 深 做 细 习近平 来到 社区 居民 赵 守成 家中 一家人 围坐在 拉家常 就业 收入 医保 报销 孩子 上学 情况 幸福生活 点赞 鼓励 孩子 德智体美 劳 赵 守成 告诉 总书记 党委 政府 十分关心 社区 特别 改造 老旧 小区 居民 文体 生活 做 实事 各族群众 社区 里 和睦相处 生活 过得 舒心 习近平 党 全心全意 党 各族群众 家家户户 牵挂 希望 家庭 搞 更好 日子 越过 越 红火 傍晚 时分 社区 广场 热闹 居民 总书记 纷纷 围拢过来 热烈鼓掌 习近平 亲切 说 时隔 宁夏 看望 各族 干部群众 见到 非常高兴 中华民族 大家庭 各族人民 石榴 籽 紧紧 抱 铸牢 中华民族 共同体 意识 各族人民 心 紧紧 连在一起 力量 凝聚 中国式 共襄 中华民族 复兴 盛举 日 上午 习近平 听取 宁夏回族自治区 党委 政府 工作汇报 宁夏 成绩 给予 肯定 习近平 指出 宁夏 地理环境 资源 禀赋 独特 走 特色化 差异化 产业 路子 体现 宁夏 较强 竞争力 产业 宁夏 煤化工 新型材料 产业 风电 光伏 氢能 清洁 能源 产业 葡萄酒 枸杞 特色产业 精耕细作 旅游 深度 融合 特色旅游 全域 旅游 强化 科技 产业 融合 加大 科技成果 转化 力度 传统产业 新兴产业 因地制宜 新质 生产力 宁夏 北部 引黄灌区 中部 干旱 南部 山区 各有特点 准 产业 资源 环境容量 潜力 统筹规划 产业 山川 共济 城乡 融合 区域 联动 格局 习近平 宁夏 着力 重点 市场经济 融入 统一 国资 国企改革 认真落实 民营 营商 激发 投资 活力 对内 对外开放 相结合 积极参与 一带 一路 西部 陆海 通道 阿拉伯 经贸合作 内陆 黄河 贺兰山 六盘山 罗山 生态环境 宁夏 谋划 基准线 资源 环境要素 市场化 生态 产品 生态 补偿 水资源 管理制度 黄河 几字 弯 攻坚战 统筹 森林 草原 湿地 荒漠 生态 修复 盐碱地 综合治理 塞上江南 越来越 秀美 习近平 指出 普惠性 基础性 兜底 民生 着力 解决 群众 急难 愁 盼 扎实 各族人民 共同富裕 就业 摆在 突出位置 扎实 做好 高校 毕业生 农民工 退役军人 重点 群体 就业 城市更新 老旧 小区 改造 顺应 人口 流动 趋势 城乡 融合 城乡 产业 基础设施 公共服务 百万 移民 致富 美丽 移风易俗 拓展 脱贫 攻坚 成果 定点 帮扶 帮扶 规模性 返贫 抓好 生产 隐患 排查 防控 切实 维护 群众 生命财产 习近平 贯彻 党 民族 大政方针 努力 创建 铸牢 中华民族 共同体 意识 示范区 依法治理 民族事务 着力 互嵌式 社区 拓宽 民族 全方位 嵌入 贯彻 党 宗教 方针政策 宗教界 思想 政治 引领 习近平 指出 全党 党纪 抓紧 抓实 抓 党员 认真学习 党纪 党规 遵规 守纪 前提 安心 放手 干事 锐意进取 党性 党风 党纪 抓 作风 常态 长效 整治 形式主义 减负 一体 腐 腐 不想 腐 优良 党风 凝聚 人心 引领 社会风气 李干杰 何立峰 中央 国家机关 负责同志 陪同 网页 链接,,https://wx4.sinaimg.cn/large/0033ImPzly1hqwv7f27ynj60ob0obgr902.jpg,,,2024-06-21T12:31:15,微博网页版,1083,217,223,习近平宁夏考察调研,,2024-06-21 12:31:15
5047670173335843,Ok07ndZNV,网友 攻读 咖啡 专业 天天 喝咖啡 咖啡 科学 工程 密码 科学 人工智能 宝石 材料 工艺学 建造 普通高校 本科 816 专业 专业 可不 有趣 课程 设置 就业 方向 想象 网页 链接 专业 报考 指南,,"https://wx2.sinaimg.cn/large/0033ImPzly1hqwtzfegisj60j617qdsx02.jpg,https://wx2.sinaimg.cn/large/0033ImPzly1hqwtzflg9oj60j61fawsh02.jpg,https://wx3.sinaimg.cn/large/0033ImPzly1hqwtzffs0tj60j61fawsc02.jpg,https://wx4.sinaimg.cn/large/0033ImPzly1hqwtzffw7gj60j61faaoy02.jpg,https://wx1.sinaimg.cn/large/0033ImPzly1hqwtzfco8fj60j6161tjj02.jpg,https://wx1.sinaimg.cn/large/0033ImPzly1hqwtzffceaj60j61a64as02.jpg,https://wx2.sinaimg.cn/large/0033ImPzly1hqwtzft8akj60j61a6qfa02.jpg,https://wx3.sinaimg.cn/large/0033ImPzly1hqwtzf9wiej60j61617eu02.jpg,https://wx2.sinaimg.cn/large/0033ImPzly1hqwtzfdarvj60j6178qez02.jpg",,,2024-06-21T11:50:12,微博网页版,860,366,208,"攻读咖啡专业能天天喝咖啡吗,这些专业可不只是有趣,专业报考指南",,2024-06-21 11:50:12
5047658940466272,OjZPg1Xiw,夏至 爱 吃 面 今日 夏至 夏天 一半 冬至 馄饨 夏至 面 吃 夏至 面 短 一线 夏至 民间 吃面 习俗 爱 吃 种面 网页 链接,,,,,2024-06-21T11:05:35,微博网页版,13283,954,281,"你最爱吃哪一种面,夏天过去一半了",,2024-06-21 11:05:35
5047649151489380,OjZzt6fsg,暴雨 天气 提醒 关键时刻 救命 近日 南方 多地 暴雨 暴雨 居家 车辆 被困 逃生 次生 灾害 暴雨 天气 实用 防御 指南,,"https://wx4.sinaimg.cn/large/0033ImPzly1hqwrkrtbiij60p015qaje02.jpg,https://wx4.sinaimg.cn/large/0033ImPzly1hqwrkry4thj60p015qk2h02.jpg,https://wx4.sinaimg.cn/large/0033ImPzly1hqwrkrxrtvj60p015qn7u02.jpg,https://wx3.sinaimg.cn/large/0033ImPzly1hqwrkry1ssj60p015qdr402.jpg,https://wx2.sinaimg.cn/large/0033ImPzly1hqwrkrugjzj60p015qqcf02.jpg,https://wx3.sinaimg.cn/large/0033ImPzly1hqwrkrvdicj60p015q7dv02.jpg,https://wx2.sinaimg.cn/large/0033ImPzly1hqwrkrwdfcj60p015qn7302.jpg,https://wx2.sinaimg.cn/large/0033ImPzly1hqwrkrz7jjj60p015qn6p02.jpg,https://wx2.sinaimg.cn/large/0033ImPzly1hqwrkrzkgpj60p015q7gj02.jpg,https://wx2.sinaimg.cn/large/0033ImPzly1hqwrkrwyv1j60p015qwnz02.jpg",,,2024-06-21T10:26:41,微博网页版,2774,834,1386,"暴雨天气10个安全提醒,暴雨天气实用防御指南",,2024-06-21 10:26:41
5047643322189498,OjZq49bAu,直播 全天候 直播 解读 2024 高考 招生 高考 结束 志愿 填报 学校 办学 人才培养 专业 解读 最新 招生 人民日报 小时 直播 全方位 考生 家长 解惑 手把手 教 填志愿 祝福 考生 考入 理想 大学 专业 报考 指南 人民日报 微博 直播,,,,,2024-06-21T10:03:31,微博直播平台,1689,177,268,"全天候直播解读2024高考招生,手把手教你填志愿,专业报考指南",人民日报,2024-06-21 10:03:31
5047641660459431,OjZno1Vwb,成都 地铁 路面 坍塌 系 自来水管 爆管 成都 在建 地铁 路面 坍塌 人员伤亡 记者 成都 轨道 集团 获悉 月 21 日 时 分 中铁二局 施工 成都 轨道交通 13 号线 南街 站 施工 基坑 外 埋深 约 米 两根 直径 米 0.3 米 自来水管 自然 爆管 致使 锦里 西路 119 号 长约 米 路面 塌陷 情况 自来水管 产权 单位 关停 道路 封闭 现场 人员 受伤 事件 未 轨道交通 另据 塌陷 区域 周边 多个 小区 停气 居民 生活 带来 不便 成都 地铁 网页 链接,,https://wx1.sinaimg.cn/large/0033ImPzly1hqwqqmgtrrj60j60o3dj402.jpg,,,2024-06-21T09:56:55,微博网页版,676,296,132,"成都地铁路面坍塌原因系自来水管爆管,成都在建地铁路面坍塌无人员伤亡,成都地铁",,2024-06-21 09:56:55
5047633536614722,OjZahrKN4,壮观 壶口瀑布 清流 飞瀑 遇上 彩虹桥 近日 山 西吉县 黄河壶口瀑布 清流 飞瀑 彩虹桥 同框 现场 震撼 唯美 网友 黄河 之水 天上 画面 视频 微博 视频,,,"https://f.video.weibocdn.com/o0/JMPxjqFvlx08fOOBvaDK0104120091ZI0E010.mp4?label=mp4_720p&template=720x1280.24.0&ori=0&ps=1CwnkDw1GXwCQx&Expires=1719059528&ssig=R3aG6leAyB&KID=unistore,video",,2024-06-21T09:24:38,微博视频号,2783,900,810,"壶口瀑布清流飞瀑遇上彩虹桥,黄河之水天上来画面有了",,2024-06-21 09:24:38
5047625244215415,OjYWUhGCz,点赞 山坡 找网 女孩 毕业 投身 家乡 记得 年前 备战 高考 山坡 找 信号 女孩 月 日 上午 西南 大学 2024 本科生 毕业典礼 暨 学位 授予 仪式 范天兰 毕业生 代表 表白 母校 亮起 灯盏 昔日 山坡 找网 女孩 沐光 而行 找到 梦想 信号 范天兰 决心 热忱 回到 家乡 云南 一束 微小 坚定 照亮 学生 前行 路 点赞 追光 山坡 找 女孩 毕业 一站 人民日报 微博 视频,,,"https://f.video.weibocdn.com/o0/WMiXkxTalx08fOMVYTO8010412004f2y0E010.mp4?label=mp4_720p&template=576x1024.24.0&ori=0&ps=1BThihd3VLAY5R&Expires=1719059538&ssig=hDILL5EBhh&KID=unistore,video",,2024-06-21T08:51:41,微博视频号,4942,811,595,"山坡找网女孩毕业后投身家乡教育,追光的你",,2024-06-21 08:51:41
5047614588586337,OjYFIA1Hj,为渐 冻人 这条 微博 渐冻症 罕见 病 导致 患者 肌肉 无力 萎缩 瘫痪 冻住 北半球 光照 时间 最长 渐冻 日 遇上 夏至 旨在 呼吁 全世界 共同努力 早日 渐冻症 患者 摆脱 病痛 折磨 沐浴 阳光 之下 关爱 渐冻 用爱 解冻,,"https://wx4.sinaimg.cn/large/0033ImPzly1hqwnm7ekwcj60k60ri7gt02.jpg,https://wx3.sinaimg.cn/large/0033ImPzly1hqwnm7gmk1j60k60rin3z02.jpg,https://wx1.sinaimg.cn/large/0033ImPzly1hqwnm7eckcj60k60tcgsp02.jpg,https://wx4.sinaimg.cn/large/0033ImPzly1hqwnm7g51jj60k60r8wkp02.jpg,https://wx3.sinaimg.cn/large/0033ImPzly1hqwnm7dtskj60k60r879002.jpg,https://wx2.sinaimg.cn/large/0033ImPzly1hqwnm7gfqkj60k60w5qaz02.jpg,https://wx1.sinaimg.cn/large/0033ImPzly1hqwnm7b0nzj60k60ohte002.jpg,https://wx1.sinaimg.cn/large/0033ImPzly1hqwnm7d6kij60k60rl0yn02.jpg,https://wx3.sinaimg.cn/large/0033ImPzly1hqwnm79d6yj60k60n9n1h02.jpg",,,2024-06-21T08:09:21,微博网页版,1769,532,1015,"今天为渐冻人传递这条微博,渐冻人日遇上夏至",,2024-06-21 08:09:21
5047606655583573,OjYsVnqxD,行迎 夏至 古诗词 夏天 氛围 感拉满 小荷 露 尖尖角 早有 蜻蜓 上头 连雨 不知 春去 一晴 方觉 夏深 绿树 阴 浓 夏日 长 楼台 倒影 池塘 古诗词 池 荷叶 一朵 夏花 一只 夏虫 夏日 专属 美好 夏至 已至 夏日 美景 遇上 古诗词 感受 夏日 之美,,"https://wx2.sinaimg.cn/large/0033ImPzly1hqwmom6avvj60u01hcapv02.jpg,https://wx2.sinaimg.cn/large/0033ImPzly1hqwmom6u5xj60u01hck8002.jpg,https://wx4.sinaimg.cn/large/0033ImPzly1hqwmomniztj60u01hc1kx02.jpg,https://wx4.sinaimg.cn/large/0033ImPzly1hqwmolsfvxj60u01hcgyb02.jpg,https://wx2.sinaimg.cn/large/0033ImPzly1hqwmomb1b5j60u01hcqkv02.jpg,https://wx4.sinaimg.cn/large/0033ImPzly1hqwmomemyej60u01hc4mr02.jpg,https://wx4.sinaimg.cn/large/0033ImPzly1hqwmomi1txj60u01hcazs02.jpg,https://wx1.sinaimg.cn/large/0033ImPzly1hqwmokuavzj60u01hcdvu02.jpg,https://wx1.sinaimg.cn/large/0033ImPzly1hqwmomagppj60u01hc7oi02.jpg",,,2024-06-21T07:37:49,微博网页版,4473,1706,3940,"文化中国行迎夏至,古诗词中的夏天氛围感拉满,当夏日美景遇上古诗词",,2024-06-21 07:37:49
5047603110349319,OjYnd1sSb,习语 算 大姐 算 大姐 年前 习近平 总书记 来到 山西 忻州 赵家 洼村 贫困 村民 王三女 家中 拉家常 问 冷暖 将来 生活 能过 越来越 一幕 令人难忘 人民日报 微博 视频,,,"https://f.video.weibocdn.com/o0/RtpCjXbBlx08fOGTzB3201041200tOOu0E010.mp4?label=mp4_720p&template=720x960.24.0&ori=0&ps=4ub7gI97adQ&Expires=1719059518&ssig=xhhLblMxOj&KID=unistore,video",,2024-06-21T07:23:44,微博视频号,8854,557,757,"习语,将来的生活能过得越来越好",,2024-06-21 07:23:44
5047594927784987,OjYa0wFej,今日 夏至 今日 时 51 分 迎来 夏至 节气 标志 盛夏 来临 万物 生长 旺盛 夏天 一半 这天 北半球 白天 最长 夜晚 最短 夏至 便是 伏天 这一 时节 民间 吃面 习俗 迎接 盛夏 行迎 夏至 ## 夏至 人民日报 微博 视频,,,"https://f.video.weibocdn.com/o0/X4Tj2iD6lx08fOEEpKgM010412005VhN0E010.mp4?label=mp4_720p&template=720x1280.24.0&ori=0&ps=1CwnkDw1GXwCQx&Expires=1719059541&ssig=qipzN6eCiM&KID=unistore,video",,2024-06-21T06:51:13,微博视频号,4058,1888,2192,"夏天过去一半了,文化中国行迎夏至,夏至",,2024-06-21 06:51:13
5047479590718834,OjV9Z3106,你好 明天 关注 南方 防汛 救灾 近期 南方 强降雨 已致 受灾 消防 力量 生命 方舟 武警官兵 第一线 一艘 铁皮 船 救出 40 多名 村民 一幕幕 令人 动容 激发 防汛 决心 紧急 响应 筑牢 堤坝 守望相助 坎 心 手相 牵 愿 平平安安 人民日报 微博 视频,,,"https://f.video.weibocdn.com/o0/LPZPjzKHlx08fNkb3iMM01041200hsHO0E010.mp4?label=mp4_720p&template=720x1280.24.0&ori=0&ps=1CwnkDw1GXwCQx&Expires=1719059521&ssig=a2TmeRPeIW&KID=unistore,video",,2024-06-20T23:12:55,微博视频号,8518,1707,1154,"你好，明天,关注南方防汛救灾",,2024-06-20 23:12:55
5047468288644708,OjURKAgSM,人民日报 夜读 厉害 四面 镜子 放大镜 放大 闪光点 显微镜 做事 注重 细节 望远镜 登高 望远 平面镜 歪曲 狭隘 自然 带好 四面 镜子 人生 路 会越 走 越 宽 共勉 夜读 厉害 四面 镜子,,,,,2024-06-20T22:28:00,微博 weibo.com,4206,2270,1867,人民日报夜读,,2024-06-20 22:28:00
5047456355583160,OjUyvnqqY,挺身而出 他身 绑 消防水带 高空 救 幼童 月 日 早晨 广东 佛山 一名 幼童 脖子 卡 楼 防护 身体 悬空 路过 代驾 司机 李达辉 上楼去 消防水带 绑住 身体 化身 蜘蛛人 从天而降 一只 手 托起 孩子 帮 爬 回 房间 里 网友 奋不顾身 好心人 点赞 早晨 抬头 一看 太悬 N 视频 微博 视频,,,"https://f.video.weibocdn.com/o0/avmdcxFLlx08fLLrYiKI010412006O7E0E010.mp4?label=mp4_720p&template=720x960.24.0&ori=0&ps=1BThihd3VLAY5R&Expires=1719059546&ssig=p8JVwUShPY&KID=unistore,video",,2024-06-20T21:40:35,微博视频号,2300,674,268,他身绑消防水带从高空救下幼童,,2024-06-20 21:40:35
5047446617199336,OjUiNucSk,习近平 宁夏 习近平 五十六个 民族 凝聚 中华民族 共同体 日 下午 习近平 总书记 来到 宁夏 银川市 金凤区 长城 花园 社区 民族 聚居 社区 其乐融融 各族群众 和睦相处 生活 幸福 习近平 十分高兴 说 民族团结 五十六个 民族 石榴 籽 紧紧 抱 五十六个 民族 凝聚 中华民族 共同体 中华民族 大家庭 共同奋斗 中国式 中华民族 复兴,,"https://wx4.sinaimg.cn/large/0033ImPzly1hqw4bpe397j62yo25b1kz02.jpg,https://wx3.sinaimg.cn/large/0033ImPzly1hqw4bpcvbej62yo23g1kz02.jpg,https://wx4.sinaimg.cn/large/0033ImPzly1hqw4bpfhpfj62yo23fnpf02.jpg,https://wx1.sinaimg.cn/large/0033ImPzly1hqw4bpbvusj62yo1z4kjm02.jpg",,,2024-06-20T21:01:53,微博网页版,2253,416,337,"习近平宁夏考察调研,五十六个民族要像石榴籽一样紧紧抱在一起",,2024-06-20 21:01:53
5047446266973432,OjUietg6I,习近平 宁夏 习近平 社区 居民 群众 做 深 做 细 日 下午 习近平 总书记 来到 宁夏 银川市 金凤区 长城 花园 社区 来到 社区 党群 服务中心 便民 惠民 群众 生活 情况 社区 工作人员 居民 群众 亲切 习近平 说 社区 老百姓 做好 社区 党组织 建好 建强 一支 热心 稳定 社区 工作者 队伍 社区 总结经验 思路 居民 群众 做 深 做 细 努力 越做越,,"https://wx3.sinaimg.cn/large/0033ImPzly1hqw49wbmiqj62yo22iu0y02.jpg,https://wx1.sinaimg.cn/large/0033ImPzly1hqw49w8z6uj62yo24lu0y02.jpg,https://wx1.sinaimg.cn/large/0033ImPzly1hqw49woda8j62yo1z4b2b02.jpg,https://wx1.sinaimg.cn/large/0033ImPzly1hqw49wrrzuj62yo24ee8302.jpg,https://wx3.sinaimg.cn/large/0033ImPzly1hqw49wrlutj62l51q3e8202.jpg,https://wx3.sinaimg.cn/large/0033ImPzly1hqw49womzhj62yo1xib2b02.jpg",,,2024-06-20T21:00:30,微博网页版,797,119,105,习近平宁夏考察调研,,2024-06-20 21:00:30
5047436382570211,OjU2iaMD1,别着急 时间 谈谈心 2024 转眼 已快 过半 时间 浪费 着急 焦虑 生活 短跑 马拉松 沉下心 慢慢来 时间 浪费 美好 事物 向下 扎根 生长 时间 同行 每一分 每一秒 经得起 时间 考验 戳 视频 听 刘德华 讲 人民日报 微博 视频,,,"https://f.video.weibocdn.com/o0/31J4tlQKlx08fNXoeTOw01041200QinR0E010.mp4?label=mp4_720p&template=1280x720.25.0&ori=0&ps=1BThihd3VLAY5R&Expires=1719059554&ssig=nVpsNyvCYs&KID=unistore,video",,2024-06-20T20:21:13,微博视频号,60020,6382,28039,"和时间谈谈心,刘德华的年中讲",,2024-06-20 20:21:13
5047428162781552,OjTP2bFBK,新疆 阿图什市 4.8 地震 地震 台网 正式 月 日 时 36 分在 新疆 克孜勒苏 州 阿图什市 北纬 40.21 东经 77.68 4.8 地震 震源 深度 千米 地震台 网速 报,,https://wx1.sinaimg.cn/large/0033ImPzly1hqw27m5pe1j60m80go75z02.jpg,,,2024-06-20T19:48:33,微博网页版,685,458,114,新疆阿图什市4.8级地震,中国地震台网速报,2024-06-20 19:48:33
5047422156278668,OjTFlqlmQ,中国女排 不敌 日本队 无缘 世 联赛 半决赛 月 日 2024 世界 女排 联赛 总决赛 决赛 泰国 曼谷 中国女排 ∶ 不敌 日本队 无缘 半决赛 中国女排 VS 日本女排 人民日报 记者 李洋,,"https://wx1.sinaimg.cn/large/0033ImPzly1hqw20123fyj60tu0gp0xz02.jpg,https://wx4.sinaimg.cn/large/0033ImPzly1hqw201207xj60tv0gptdp02.jpg,https://wx1.sinaimg.cn/large/0033ImPzly1hqw2013q0yj60tw0grae002.jpg,https://wx3.sinaimg.cn/large/0033ImPzly1hqw2014cqyj60ty0gsdll02.jpg,https://wx4.sinaimg.cn/large/0033ImPzly1hqw20148wxj60tx0gu43o02.jpg,https://wx2.sinaimg.cn/large/0033ImPzly1hqw2014iy4j60tz0gtaf902.jpg,https://wx1.sinaimg.cn/large/0033ImPzly1hqw2013vuuj60tt0gq78g02.jpg,https://wx1.sinaimg.cn/large/0033ImPzly1hqw200wzsaj60tv0gp41i02.jpg,https://wx2.sinaimg.cn/large/0033ImPzly1hqw20101lwj60tw0gvjv502.jpg",,,2024-06-20T19:24:41,微博网页版,921,398,113,"中国女排0比3不敌日本队,中国女排VS日本女排",,2024-06-20 19:24:41
5047408769633449,OjTjKEq6d,辛苦 桂林 抗洪 现场 市民 说 子弟兵 安心 月 日至 日 广西 桂林 漓江 水位 上涨 市区 多处 内涝 房屋 被淹 道路 受阻 人员 被困 武警 广西 总队 桂林 支队 官兵 紧急 出动 群众 生命财产 武警官兵 奋战 桂林 抢险救灾 一线 央广 军事 微博 视频,,,"https://f.video.weibocdn.com/o0/CjyM6TyTlx08fNHyhXwQ01041200i9y40E010.mp4?label=mp4_720p&template=720x1280.24.0&ori=0&ps=1CwnkDw1GXwCQx&Expires=1719059556&ssig=xajleIbcyk&KID=unistore,video",,2024-06-20T18:31:30,微博视频号,5094,853,500,"桂林抗洪现场市民说看到子弟兵很安心,武警官兵奋战桂林抢险救灾一线",,2024-06-20 18:31:30
5047401632763397,OjT8fbASV,清新 延时 摄影 垂 茉莉花 开 治愈 近日 甘肃 陇南 摄影师 延时 摄影 记录 垂 茉莉 绽放 唯美 瞬间 玲珑剔透 花苞 怦然 绽放 花瓣 洁白如玉 优雅 灵动 荔枝 风景线 微博 视频,,,"https://f.video.weibocdn.com/o0/XxLV7txJlx08fLJkENXO01041200inmH0E010.mp4?label=mp4_720p&template=1280x720.25.0&ori=0&ps=1CwnkDw1GXwCQx&Expires=1719059556&ssig=VcdnE5v1pt&KID=unistore,video",,2024-06-20T18:03:08,微博视频号,1792,709,649,延时摄影看垂茉莉花开好治愈,,2024-06-20 18:03:08
5047389343186952,OjSOqdn4s,习近平 宁夏 日 下午 习近平 总书记 宁夏回族自治区 来到 银川市 金凤区 长城 花园 社区 社区 发挥 党组织 便民 惠民 各族群众 交往 交融 情况 习近平 宁夏 网页 链接,,"https://wx4.sinaimg.cn/large/0033ImPzly1hqvxr1zgeaj62yo22iu0y02.jpg,https://wx4.sinaimg.cn/large/0033ImPzly1hqvxr1yh46j62yo24lu0y02.jpg,https://wx3.sinaimg.cn/large/0033ImPzly1hqvxr2l5j4j62yo1z4b2b02.jpg,https://wx2.sinaimg.cn/large/0033ImPzly1hqvxr2u6iij62yo24ee8302.jpg,https://wx1.sinaimg.cn/large/0033ImPzly1hqvxr2len9j62l51q3e8202.jpg,https://wx1.sinaimg.cn/large/0033ImPzly1hqvxr2v97hj62yo1xib2b02.jpg,https://wx1.sinaimg.cn/large/0033ImPzly1hqvxr2e1h7j62yo25b1kz02.jpg,https://wx4.sinaimg.cn/large/0033ImPzly1hqvxr2e1saj62yo23g1kz02.jpg,https://wx2.sinaimg.cn/large/0033ImPzly1hqvxr2lobnj62yo23fnpf02.jpg,https://wx4.sinaimg.cn/large/0033ImPzly1hqvxr1p0ckj62yo1z4kjm02.jpg",,,2024-06-20T17:14:17,微博网页版,1332,249,243,习近平宁夏考察调研,,2024-06-20 17:14:17
5047386055901424,OjSJ7oLeg,中马 延长 免签 月 日 马来西亚 发表 中华人民共和国政府 马来西亚 政府 战略伙伴 马 命运 共同体 联合声明 声明 提到 中方 同意 延长 马来西亚 公民 免签 2025 年底 互惠 安排 马方 延长 公民 免 签证 2026 年底 网页 链接,,https://wx3.sinaimg.cn/large/0033ImPzly1hqvxdldepzj60j60j6gnj02.jpg,,,2024-06-20T17:01:13,微博网页版,678,184,98,中马互相延长免签,,2024-06-20 17:01:13
5047381219609216,OjSBjEjNm,高校 学位 服上 近日 多所 高校 学位 服上 北师大 学位 服 搭配 纪念 礼盒 发放 山大 专属 海阔天高 云肩 惊艳 亮相 中国人民大学 每位 毕业生 学位 绶带 新版 毕业 徽章 一并 高校 学位 服上 太美,,,,,2024-06-20T16:42:01,微博 weibo.com,564,235,148,"这些高校学位服上新,北师大学位服搭配纪念礼盒发放,山大专属海阔天高云肩惊艳亮相",,2024-06-20 16:42:01
5047370042315184,OjSji9IhG,广西 桂江 桂林 江段 超历史 实测 记录 洪水 水利部 消息 受 降雨 上游 来水 广西 桂江 上游 干流 控制站 桂林 水文站 月 日 时 55 分 洪峰 水位 148.88 米 超过 水位 147.00 米 1.88 米 流量 6380 立方米 每秒 水位 流量 均列 1958 实测 资料 水位 148.40 米 流量 5890 立方米 每秒 1998 月 水利部 广西 洪水 防御 响应 工作组 广西 防汛 一线 指导 地方 做好 洪水 防御 人民日报 记者 王浩,,https://wx4.sinaimg.cn/large/0033ImPzly1hqvvj7xyhbj60ob0obgr902.jpg,,,2024-06-20T15:57:36,微博网页版,2750,658,380,桂江桂林江段发生超历史实测记录洪水,,2024-06-20 15:57:36
5047356082884476,OjRWMc6nO,余 大熊猫 回国 记者 林草局 野生动物 成果 新闻 发布会 获悉 今年以来 福宝 大熊猫 接返 大熊猫 协议 有序 接返 协议 到期 幼仔到 龄 余 大熊猫 人民日报 记者 董丝雨 视频 微博 视频,,,"https://f.video.weibocdn.com/o0/4Hrh0rxklx08fNymZsq4010412005NFI0E010.mp4?label=mp4_720p&template=720x1280.24.0&ori=0&ps=1CwnkDw1GXwCQx&Expires=1719059556&ssig=k6zSyT4mro&KID=unistore,video",,2024-06-20T15:02:08,微博视频号,3325,657,302,今年还将有10余只大熊猫回国,,2024-06-20 15:02:08
5047352194761983,OjRQvjYOb,辛苦 边防 官兵 这条 巡逻 路 跨越 四季 温差 很大 白天 雪 化成 晚上 结成 冰 导致 路面 一层 厚厚的 冰层 特别 难 走 新疆军区 边防团 木孜 边防连 位于 海拔 3500 米 木扎尔 特 冰川 深处 官兵 巡逻 穿 森林 蹚 冰河 爬 陡坡 踏 冰川 巡逻 四季 致敬 边防军 央视 军事 微博 视频,,,"https://f.video.weibocdn.com/o0/vJVMZY5Blx08fMmos3dm01041200yJYp0E010.mp4?label=mp4_720p&template=720x1280.24.0&ori=0&ps=1BThihd3VLAY5R&Expires=1719059567&ssig=5x6BwTdQT2&KID=unistore,video",,2024-06-20T14:46:41,微博视频号,1748,345,269,边防官兵的这条巡逻路跨越四季,,2024-06-20 14:46:41
5047337969780388,OjRtyF2kc,花花 开出 饱和度 夏天 近日 北京 植物园 南园 水生 藤本植物 区 各色 睡莲 王莲 植物 竞相 绽放 错落有致 色彩 多样 景观,,"https://wx4.sinaimg.cn/large/0033ImPzly1hqvrv0ee03j61kw11xkjl02.jpg,https://wx2.sinaimg.cn/large/0033ImPzly1hqvrv01ksoj61kw11x1kx02.jpg,https://wx1.sinaimg.cn/large/0033ImPzly1hqvruzjz2vj61kw11xe1502.jpg,https://wx1.sinaimg.cn/large/0033ImPzly1hqvruzqyvbj61kw11xngp02.jpg,https://wx3.sinaimg.cn/large/0033ImPzly1hqvruzjpe7j61kw11xwxu02.jpg,https://wx2.sinaimg.cn/large/0033ImPzly1hqvruzqpi1j61kw11xnki02.jpg,https://wx1.sinaimg.cn/large/0033ImPzly1hqvruzlptwj61kw11x1et02.jpg,https://wx2.sinaimg.cn/large/0033ImPzly1hqvruzpx0cj61kw11xqnm02.jpg,https://wx3.sinaimg.cn/large/0033ImPzly1hqvrv06gsrj61kw11x7wh02.jpg",,,2024-06-20T13:50:10,微博网页版,3183,1029,795,花花开出了高饱和度的夏天,,2024-06-20 13:50:10
5047323600362291,OjR6o1wfp,习近平 青海 习近平 青海 时 青藏高原 生态 高质量 奋力 谱写 中国式 青海 篇章 中共中央 总书记 主席 中央军委 主席 习近平 近日 青海 时 青海 认真贯彻 党中央 决策 部署 完整 准确 贯彻 理念 把握 青海 大局 定位 充分发挥 深化改革 扩大开放 生态 优先 绿色 民族团结 共同富裕 青藏高原 生态 高质量 更大 进展 奋力 谱写 中国式 青海 篇章 月 日至 日 习近平 青海 省委书记 陈刚 省长 吴晓军 陪同 西宁市 学校 宗教 场所 日 下午 习近平 来到 果洛 西宁 民族 中学 这是 一所 隶属于 果洛藏族自治州 寄宿制 中学 上海市 投资 援建 习近平 听取 上海 东部 地区 援助 青海 学校 情况 介绍 详细 询问 学生 课程 设置 体育锻炼 普通话 情况 走进 食堂 宿舍楼 察看 学生 就餐 住宿 嘱咐 食堂 工作人员 确保 学生 饮食 营养 可口 来到 高一 班 教室 观摩 家乡 思政课 学校 思政课 融入 日常 教学 听 孩子 讲述 家乡 可喜 孩子 画作 习近平 十分高兴 说 包括 在内 东西部 协作 对口 支援 彰显 中国共产党 领导 充分体现 中华民族 大家庭 温暖 铸牢 中华民族 共同体 意识 学校 思政课 重点 讲好 中国共产党 故事 讲 中国式 强国 民族 复兴 伟业 故事 讲好 中华民族 共同体 民族团结 故事 中华民族 共同体 意识 植入 孩子 心灵 教学楼 前 广场 师生 纷纷 围拢过来 高声 总书记 问好 习近平 亲切 说 西宁 第一站 看望 老师 同学 上海 援建 中学 果洛 牧区 民族 孩子 深远 希望 孩子 珍惜 良好条件 心怀 感恩 好好学习 德智体美 劳 立志 接班人 建设者 努力 赢得 人生 出彩 机会 祝 孩子 学有所成 健康成长 习近平 来到 位于 西宁市 城中区 宏觉 寺 寺 前 院落 宏觉 寺 民主 委员会 负责人 总书记 敬献 哈达 僧人 提 香炉 持宝 伞 迎接 总书记 习近平 参观 青海省 民族团结 基地 展陈 寺庙 历史沿革 老一辈 革命家 关心 民族 宗教 情况 走进 大殿 听取 寺庙 日常 民族团结 情况 介绍 习近平 指出 宏觉 寺 这座 千年 古刹 增进 中央政府 藏传佛教 发挥 桥梁 纽带 这份 珍贵 文化遗产 铸牢 中华民族 共同体 意识 民族团结 作出 老一辈 革命家 党 统战工作 民族 宗教 做 更好 习近平 中国式 强国 民族 复兴 伟业 各族人民 包括 信教 群众 团结奋斗 希望 青海 藏传佛教 界 弘扬 爱国 爱教 优良传统 宗教 和顺 和谐 民族 和睦 中国式 发挥 日 上午 习近平 听取 青海 省委 省政府 工作汇报 青海 各项 成绩 给予 肯定 习近平 指出 青海 承担 维护 生态 使命 产业 有所为 有所不为 着力 体现 产业 集聚 资源 要素 加快 世界级 盐湖 产业基地 打造 清洁 能源 产业 高地 生态旅游 目的地 绿色 有机 农畜产品 输出地 科技 成果 转化 两手抓 广泛应用 因地制宜 改造 传统产业 新兴产业 新质 生产力 进一步 深化改革 扩大开放 营商 对接 长江 经济带 绿色 丝绸之路 统筹 省内 区域 协调 发挥 西宁 海东 海西 因地制宜 县域 特色产业 习近平 青藏高原 生态系统 多样 脆弱 生态 环境保护 生态 最大化 区域 始终 生态 优先 绿色 青藏高原 生态 保护法 全面落实 主体 功能区 青藏高原 生态 高地 山水 林田湖 草沙 治理 加快 生态系统 修复 工程 生态 环境保护 重中之重 三江 源 中华 水塔 守护 生物 多样性 水源 涵养 公园 主体 自然 保护地 打造 世界 影响力 自然 保护地 典范 有序 重点 节能 降碳 生态 友好 产业 加快 能源 习近平 指出 切实 改善 民生 尽力而为 量力而行 办顺 民意 惠民 生 暖 民心 实事 扎实 解决 群众 急难 愁 盼 统筹 谋划 公共服务 设施 布局 着力 增强 公共服务 均衡性 农牧民 增收 重点 加快 高原 种业 绿色 有机 农牧业 打响 高原 土特产 品牌 高原 美丽 移风易俗 落实 返贫 监测 帮扶 确保 规模性 返贫 做好 积石山 地震 灾后 恢复 防灾 减灾 救灾 习近平 青海 少数民族 省份 做好 民族 宗教 贯彻 党 民族 大政方针 铸牢 中华民族 共同体 意识 线 广泛开展 民族团结 创建 民族 全方位 嵌入 交往 交融 贯彻 党 宗教 方针政策 宗教 中国化 方向 依法 宗教事务 特别 宗教 活动场所 习近平 指出 党纪 真 抓 实学 善始善终 以学纪 知纪 明纪 遵纪 守纪 执纪 弘扬 时代精神 青藏高原 精神 党员 进一步 解放思想 转变观念 锐意进取 担当 党性 党风 党纪 抓 正风肃纪 反腐 相 贯通 作风 常态 长效 整治 形式主义 减负 一体 腐 腐 不想 腐 以风 清气 政治 生态 引领 正气 充盈 生态 李干杰 何立峰 中央 国家机关 负责同志 陪同 新华社,,https://wx2.sinaimg.cn/large/0033ImPzly1hqvq745cr3j60ob0obgr902.jpg,,,2024-06-20T12:53:04,微博网页版,823,260,172,"习近平青海考察调研,谱写中国式现代化青海篇章",,2024-06-20 12:53:04
5047321473581914,OjR2Xf1OO,关注 桂林 洪水 现场 情况 受 强降雨 漓江 上游 水库 相继 泄洪 桂林 河流 水位 暴涨 日 漓江 桂林 水文站 148.88 米 洪峰 水位 超出 警戒水位 2.88 米 上涨 漓江 倒灌 沿江 路面 多处 积水 路段 人民日报 直播 关注 桂林 洪水 人民日报 微博 直播,,,,,2024-06-20T12:44:37,微博直播平台,1728,410,318,"桂林洪水现场情况,直播关注桂林洪水",人民日报,2024-06-20 12:44:37
5047313237805651,OjQPFwKBB,不甜 水果 热量 刺客 夏日 水果 盛宴 热量 刺客 口感 迷惑 不甜 ≠ 低糖 水果 不甜 热量 戳 健康,,"https://wx1.sinaimg.cn/large/0033ImPzly1hqvp0r7pw9j60j60pk0yr02.jpg,https://wx3.sinaimg.cn/large/0033ImPzly1hqvp0r74ltj60j60pkwjj02.jpg,https://wx1.sinaimg.cn/large/0033ImPzly1hqvp0r7obkj60j60pkdm702.jpg,https://wx3.sinaimg.cn/large/0033ImPzly1hqvp0r7bhfj60j60pk43g02.jpg,https://wx2.sinaimg.cn/large/0033ImPzly1hqvp0r7tqhj60j60pkafe02.jpg,https://wx4.sinaimg.cn/large/0033ImPzly1hqvp0r76o8j60j60pkgqk02.jpg",,,2024-06-20T12:11:53,微博网页版,941,486,532,"不甜的水果也可能是热量刺客,哪些水果不甜但热量高",健康中国,2024-06-20 12:11:53
5047299217031858,OjQt3tvj4,转扩 遇 洪水 必知 健康 知识点 食用 洪水 浸泡 食物 洪水 过后 饮用 生水 赤足 接触 内涝 身体 不适 就医 注意安全 平平安安,,"https://wx3.sinaimg.cn/large/0033ImPzly1hqvne50rl2j60j60sltdl02.jpg,https://wx1.sinaimg.cn/large/0033ImPzly1hqvne4v2dij60j60sl42k02.jpg,https://wx4.sinaimg.cn/large/0033ImPzly1hqvne4vjw5j60j60sljve02.jpg,https://wx4.sinaimg.cn/large/0033ImPzly1hqvne4w2p5j60j60sljw802.jpg,https://wx4.sinaimg.cn/large/0033ImPzly1hqvne4u48aj60j60sl0w702.jpg,https://wx4.sinaimg.cn/large/0033ImPzly1hqvne4wlibj60j60sl0xv02.jpg,https://wx2.sinaimg.cn/large/0033ImPzly1hqvne4x2h6j60j60sl0yc02.jpg,https://wx1.sinaimg.cn/large/0033ImPzly1hqvne4wayoj60j60sltdf02.jpg,https://wx2.sinaimg.cn/large/0033ImPzly1hqvne4wrwyj60j60sljwj02.jpg",,,2024-06-20T11:16:10,微博网页版,1081,500,556,"遇洪水必知9个健康知识点,尽量不赤足接触内涝水",,2024-06-20 11:16:10
5047292700658168,OjQiy2LdC,平安 消防员 洪水 小心翼翼 转移 婴儿 近日 广西 桂林 连续性 强降水 浑浊 积水 消防员 小心翼翼 接过 软嫩 婴儿 转移 网友 这是 洪水 安全感 爆棚 怀抱 辛苦 平安 桂林 消防 人民日报 微博 视频,,,"https://f.video.weibocdn.com/o0/LPZPjzKHlx08fNkb3iMM01041200hsHO0E010.mp4?label=mp4_720p&template=720x1280.24.0&ori=0&ps=1CwnkDw1GXwCQx&Expires=1719059570&ssig=H%2FzE5SNs58&KID=unistore,video",,2024-06-20T10:50:17,微博视频号,4121,706,391,"消防员洪水中小心翼翼转移婴儿,这是洪水中安全感爆棚的怀抱",,2024-06-20 10:50:17
5047286816313264,OjQ93qumQ,狠狠心 动 夏日 新疆 一帧 美成 壁纸 完 这段 视频 狠狠 新疆 心动 晚霞 薰衣草 广袤 草原 赛里木湖 震撼人心 蓝 这是 难以 言语 表述 新疆 之美 视界 视界 创作者 浪 摄流 杨柯 人民日报 微博 视频,,,"https://f.video.weibocdn.com/o0/7zJMoubtlx08fNiDGqFO01041202KHqu0E010.mp4?label=mp4_720p&template=1280x720.25.0&ori=0&ps=1CwnkDw1GXwCQx&Expires=1719059555&ssig=bVxk%2FuIuhi&KID=unistore,video",,2024-06-20T10:26:54,微博视频号,2438,823,882,"夏日新疆每一帧都美成了壁纸,看完这段视频狠狠为新疆心动了,视界这么美",,2024-06-20 10:26:54
5047269600003539,OjPHi00V5,转需 报 志愿 退档 报 志愿 退 无论是 平行 志愿 投档 录取 顺序 志愿 投档 录取 考生 退档 一是 考生 高考 成绩 所报 专业 录取分数 服从 专业 调剂 二是 考生 符合 高校 招生 章程 填报 志愿 时 阅读 拟报 高校 招生 章程 符合 高校 招生 章程 退档 高校 退档 考生 参加 批次 征集 志愿 投档 录取 招生 考试 机构 高校 未录 计划 公布 补征 志愿 后续 批次 投档 录取 录取 考生 参加 后续 志愿 投档 录取 务必 时间 填报 志愿 填报 志愿 时间 关闭 关闭 考生 填报 建议 考生 填报 尽量避免 截止 时间 临近 前 填报 妥善 身份证号 考生 号 个人信息 志愿 填报 密码 登录 泄露 志愿 篡改 专业 报考 指南 人民日报 微博 视频,,,"https://f.video.weibocdn.com/o0/6cIZkiRjlx08fNdSkQH60104120075uB0E010.mp4?label=mp4_ld&template=480x270.25.0&ori=0&ps=1BThihd3VLAY5R&Expires=1719059578&ssig=wJyygtoV08&KID=unistore,video",,2024-06-20T09:18:29,微博视频号,902,378,359,"报志愿退档风险主要有两个,报志愿万一被退档了怎么办,专业报考指南",,2024-06-20 09:18:29
5047255761686471,OjPkY74J9,下午 六点 中国女排 迎战 日本队 姑娘 加油 2024 世界 女排 联赛 总决赛 决赛 中国女排 00 迎战 亚洲 对手 日本女排 女排 姑娘 加油,,https://wx2.sinaimg.cn/large/0033ImPzly1hqvieozew2j61jk2qsnpd02.jpg,,,2024-06-20T08:23:30,微博网页版,1887,929,390,"中国女排迎战日本队,一起为女排姑娘加油",,2024-06-20 08:23:30
5047247670870495,OjP7V3Esf,慕了 2024 高校 毕业 礼物 宠爱 含量 满格 钻石戒指 花草 标本 盲盒 签名 印章 汉白玉 礼盒 毕业 季 高校 毕业 礼物 花样 开盲 盒 惊艳 精美 礼物 背后 毕业生 真挚 祝福 网友 实名 羡慕 高校 毕业 礼物 2024 毕业 季,,"https://wx1.sinaimg.cn/large/0033ImPzly1hqvhge73yzj60p015ytjl02.jpg,https://wx2.sinaimg.cn/large/0033ImPzly1hqvhge6udoj60p015ygwj02.jpg,https://wx4.sinaimg.cn/large/0033ImPzly1hqvhgebaqpj60p015y17902.jpg,https://wx3.sinaimg.cn/large/0033ImPzly1hqvhge6nzwj60p015y7f102.jpg,https://wx3.sinaimg.cn/large/0033ImPzly1hqvhge7j3zj60p015y49r02.jpg,https://wx3.sinaimg.cn/large/0033ImPzly1hqvhgebq8sj60p015y7id02.jpg,https://wx3.sinaimg.cn/large/0033ImPzly1hqvhge8iynj60p015ytk702.jpg,https://wx3.sinaimg.cn/large/0033ImPzly1hqvhge8ef6j60p012fgwk02.jpg,https://wx3.sinaimg.cn/large/0033ImPzly1hqvhgebyh0j60p015yaq002.jpg",,,2024-06-20T07:51:21,微博网页版,1536,549,448,"2024高校毕业礼物宠爱含量满格,今年高校毕业礼物花样开盲盒,2024毕业季",,2024-06-20 07:51:21
5047240716452535,OjOWHr4B9,关注 桂林 防汛 情况 桂林 一级 防汛 响应 广西 紧急 调拨 万件 中央 救灾物资 月 日到 日 桂林市 连续性 强降水 38 气象观测 站 打破 建 站 24 小时 降雨量 历史记录 此轮 强降雨 范围广 降雨 强度 落区 高度 重叠 持续时间 长 累积 雨量 江河 洪水 致灾 桂林市 防汛 抗旱 指挥部 月 日 22 时 分将 桂林市 防汛 响应 一级 兴安县 灵川县 七星区 叠彩区 象山区 秀峰区 雁山区 临桂 区 阳朔县 平乐县 区域 紧急 防汛 期 日 防灾 减灾 救灾 委员会 办公室 管理部 会同 粮食 物资 储备 局向 广西 紧急 调拨 救灾 帐篷 折叠床 毛巾被 家庭 包等 万件 中央 救灾物资 广西 日报 微博 视频 桂林市 防汛 二级 响应 一级 响应,,,"https://f.video.weibocdn.com/u0/WW2GL6XXgx08fMyym0mI01041200leXe0E010.mp4?label=mp4_720p&template=720x1280.24.0&ori=0&ps=1BThihd3VLAY5R&Expires=1719059580&ssig=eUjnGmdc2Z&KID=unistore,video",,2024-06-20T07:23:43,微博视频号,1531,480,356,"桂林一级防汛应急响应,向广西紧急调拨3万件中央救灾物资",,2024-06-20 07:23:43
5047234931196024,OjONn518I,明日 夏至 夏日 清凉 风 壁纸 炎夏 记忆 清爽 治愈 瞬间 收好 这套 壁纸 愿 清凉 一夏 这套 夏日 壁纸 解暑 夏至 期待 美好 如约 早安,,"https://wx2.sinaimg.cn/large/0033ImPzly1hqvg0ryzu1j60j60su0zd02.jpg,https://wx4.sinaimg.cn/large/0033ImPzly1hqvg0s45xbj60j60suk0l02.jpg,https://wx4.sinaimg.cn/large/0033ImPzly1hqvg0s3v9sj60j60sugub02.jpg,https://wx1.sinaimg.cn/large/0033ImPzly1hqvg0s39baj60j60suwnd02.jpg,https://wx3.sinaimg.cn/large/0033ImPzly1hqvg0s4fy4j60j60sugub02.jpg,https://wx1.sinaimg.cn/large/0033ImPzly1hqvg0s5dinj60j60su13a02.jpg,https://wx2.sinaimg.cn/large/0033ImPzly1hqvg0s14s6j60j60sun9702.jpg,https://wx4.sinaimg.cn/large/0033ImPzly1hqvg0ryi93j60j60su79302.jpg,https://wx3.sinaimg.cn/large/0033ImPzly1hqvg0s86bfj60j60sutqi02.jpg",,,2024-06-20T07:00:43,微博网页版,4613,2733,1919,"明日夏至,这套夏日壁纸看看就很解暑",,2024-06-20 07:00:43
5047113959081433,OjLEfC6uJ,你好 明天 70 年前 海军 潜艇 部队 成立 白手起家 核常 兼备 近海 防御 远海 防卫 隐蔽 潜行 直面 强敌 安全感 水下 钢铁长城 誓言 问 问 告诉 70 一代 一代 官兵 坚守 潜艇 奋楫 逐梦 艇 深蓝 致敬 人民日报 微博 视频,,,"https://f.video.weibocdn.com/o0/6xZh0fsmlx08fLBAMUF20104120hxqn80E070.mp4?label=mp4_720p&template=720x1280.24.0&ori=0&ps=1BThihd3VLAY5R&Expires=1719059596&ssig=bdLOtrFUWl&KID=unistore,video",,2024-06-19T23:00:01,微博视频号,3685,1296,727,你好，明天,,2024-06-19 23:00:01
5047108266888732,OjLv4sU4A,人民日报 夜读 有大 智慧 简单 夜读 有大 智慧 简单,,,,,2024-06-19T22:37:24,微博 weibo.com,3568,2204,1341,人民日报夜读,,2024-06-19 22:37:24
5047086757970563,OjKWnxrvt,浪漫 11264 毕业生 名字 投影 成 星空 月 日晚 东南大学 上演 3D 星空 投影 秀 万余名 毕业生 名字 逐一 闪耀 汇聚 成 夜空 最亮 星 网友 家 学校 好会 宠 毕业生 毕业 祝福 送到 光明日报 微博 视频,,,"https://f.video.weibocdn.com/o0/8wWjZEpDlx08fMcmqdmw01041200n9zS0E010.mp4?label=mp4_720p&template=1280x720.25.0&ori=0&ps=1CwnkDw1GXwCQx&Expires=1719059593&ssig=ySQnKFR4TF&KID=unistore,video",,2024-06-19T21:11:56,微博视频号,2056,726,348,"11264个毕业生名字投影成了星空,别人家的学校好会宠毕业生,这些毕业祝福送到心里了",东南大学,2024-06-19 21:11:56
5047080659452617,OjKMxDF3z,现场 视频 月 日 下午 习近平 带领 军委 一班人 单位 负责同志 瞻仰 王家坪 革命 旧址 建军 一百年 奋斗目标 攻坚战 强军 推向 央视 时政 人民日报 微博 视频,,,"https://f.video.weibocdn.com/o0/KLSUTCs6lx08fMokBYzm01041200keYr0E010.mp4?label=mp4_720p&template=720x960.24.0&ori=0&ps=1Cw5miNEOurLOz&Expires=1719059587&ssig=bUWXJKwgqu&KID=unistore,video",,2024-06-19T20:47:42,微博视频号,3748,394,545,"建军一百年奋斗目标攻坚战,把强军事业不断推向前进",,2024-06-19 20:47:42
5047067036617801,OjKqzrLAJ,致敬 潜艇 兵 钟表 日出日落 70 年前 海军 第一支 潜艇 部队 成立 家人 不到 阳光 钟表 日出日落 潜艇 兵 讲述 神秘 致敬 人民日报 微博 视频,,,"https://f.video.weibocdn.com/o0/yyyY5tTwlx08fMkCA2C401041200eCFi0E010.mp4?label=mp4_720p&template=720x1280.24.0&ori=0&ps=1CwnkDw1GXwCQx&Expires=1719059593&ssig=Iz0bDoItd9&KID=unistore,video",,2024-06-19T19:53:34,微博视频号,3430,717,443,"潜艇兵看钟表才能知道日出日落,潜艇兵这样讲述自己的神秘",,2024-06-19 19:53:34
5047065426265910,OjKnYqi34,桂林 消防 合力 转移 91 岁 老人 日 桂林 城市 内涝 桂林 消防 冲锋舟 转移 群众 91 岁 老人 家中 停电 没法 吸氧 桂林 消防 医护 合力 救援 送医 老人 妥善 治疗 直击 抢险 一线 注意安全 所有人 平安 人民日报 记者 张 云河 人民日报 微博 视频,,,"https://f.video.weibocdn.com/o0/agCJXsMKlx08fMkazloQ01041200cZFa0E010.mp4?label=mp4_720p&template=960x720.25.0&ori=0&ps=1CwnkDw1GXwCQx&Expires=1719059593&ssig=Zkg2zlldY%2F&KID=unistore,video",,2024-06-19T19:47:10,微博视频号,1078,235,164,"桂林消防合力转移一91岁老人,桂林消防用冲锋舟转移群众",,2024-06-19 19:47:10
5047058547868794,OjKcSx122,巴黎 奥运 女排 分组 中国女排 法国 美国 塞尔维亚 队 同组 月 日 巴黎 奥运会 女排 分组 抽签 仪式 泰国 曼谷 中国女排 法国 美国 塞尔维亚 队 同组 2024 巴黎 奥运 女排 强 分组 组 法国 塞尔维亚 美国 B 组 巴西 肯尼亚 日本 波兰 C 组 意大利 多米尼加 荷兰 土耳其 人民日报 记者 李洋,,"https://wx4.sinaimg.cn/large/0033ImPzly1hquvs1s42cj60zj0qawlz02.jpg,https://wx2.sinaimg.cn/large/0033ImPzly1hquwnqlq5ej61rb0yg45p02.jpg",,,2024-06-19T19:19:50,微博网页版,1242,447,283,"中国女排和法国美国塞尔维亚队同组,巴黎奥运会女排分组抽签,巴黎奥运女排12强分组",,2024-06-19 19:19:50
5047045648024132,OjJS4xFru,中央军委 政治 会议 延安 习近平 出席会议 发表 重要讲话 习近平 党 军队 领导 贯彻落实 政治 建军 方略 把握 政治 建军 聚焦 建军 一百年 奋斗目标 攻坚战 发扬 自我 革命 精神 政治 整训 锻造 政治 坚定 过硬 坚强 党组织 锻造 忠诚 干净 担当 堪当 强军 重任 高素质 干部队伍 强军 坚强 政治 中央军委 政治 会议 延安 习近平 出席会议 发表 重要讲话,,,,,2024-06-19T18:28:34,微博 weibo.com,920,212,264,"新时代政治建军方略,建军一百年奋斗目标攻坚战",,2024-06-19 18:28:34
5047035735310462,OjJC5mhuC,惊喜 超级 工程 遇上 中华 白海豚 白海豚 珠江口 中华 白海豚 自然保护区 活跃 众多 白海豚 日前 交工 验收 深中 通道 历经 生态 白海豚 贯穿 始终 施工现场 拍摄 中华 白海豚 感受 中国式 万千气象 机遇 湾区 机遇 港澳 人民日报 记者 韩鑫 人民日报 微博 视频,,,"https://f.video.weibocdn.com/o0/1HIIGzydlx08fMc4nhiU01041200eKdu0E010.mp4?label=mp4_720p&template=720x960.24.0&ori=0&ps=1BThihd3VLAY5R&Expires=1719059607&ssig=DWXvJJUOyi&KID=unistore,video",,2024-06-19T17:49:10,微博视频号,3613,657,461,"当超级工程遇上中华白海豚,中国式现代化的万千气象,机遇湾区机遇港澳",,2024-06-19 17:49:10
5047024343324296,OjJjIdWNG,两 预拨 3.46 亿 中央 自然灾害 救灾 资金 防汛 抗旱 抢险救灾 月 日 财政部 管理部 紧急 预拨 3.46 亿元 中央 自然灾害 救灾 资金 支持 地方 做好 防汛 抗旱 地质灾害 救灾 预拨 浙江 福建 江西 湖南 广东 广西 贵州 省 区 2.13 亿元 支持 防汛 救灾 重点 抢险 救援 受灾 群众 救助 预拨 河北 内蒙古 山东 河南 省 区 0.69 亿元 支持 抗旱 救灾 重点 解决 城乡居民 用水 困难 购买 租赁 储水 净水 供水 设备 人员 城乡居民 生活 用水 预拨 福建 广东 省 0.64 亿元 支持 地质灾害 救灾 重点 排危 除险 处置 次生 灾害 隐患 排查 整治 人民日报 记者 刘 温馨,,https://wx1.sinaimg.cn/large/0033ImPzly1hquru1tcy7j60ob0obgr902.jpg,,,2024-06-19T17:03:55,微博网页版,786,315,150,"两部门预拨3.46亿中央自然灾害救灾资金,防汛抗旱抢险救灾",,2024-06-19 17:03:55
5047017883828243,OjJ9ig3TR,直击 现场 海警 首次 登检 菲律宾 运补 船只 画面 月 日 菲律宾 非法 闯入 仁爱 礁 邻近 海域 蓄意 制造 碰撞 事件 海警 首次 对菲运补 船只 登临 检查 情形 海警 登检 菲律宾 船只 示意图 转扩 玉渊 谭天 微博 视频,,,"https://f.video.weibocdn.com/o0/sKTD8JUulx08fM4p5d9m010412007XCy0E010.mp4?label=mp4_720p&template=720x1280.24.0&ori=0&ps=1CwnkDw1GXwCQx&Expires=1719059604&ssig=xV5Jo9mvjz&KID=unistore,video",,2024-06-19T16:38:14,微博视频号,2383,384,367,"中国海警首次登检菲律宾运补船只,中国海警登检菲律宾船只示意图",,2024-06-19 16:38:14
5047015974635693,OjJ6djrXf,关注 桂林 城市 内涝 月 日 时 分 广西 桂林 洪水 红色 预警 桂林 城区 洪水 倒灌 内涝 天气 桂林市 河流 一遇 洪水 明天 广西 北部 降雨 沿江 河 地区 公众 需 警惕 洪水 关注 汛情 注意安全 央视 人民日报 微博 视频,,,"https://f.video.weibocdn.com/o0/8cOKHXQglx08fM6F9j3201041200NqyY0E010.mp4?label=mp4_720p&template=960x720.25.0&ori=0&ps=1CwnkDw1GXwCQx&Expires=1719059604&ssig=k7HYEhY0er&KID=unistore,video",,2024-06-19T16:30:40,微博视频号,1979,424,420,"桂林出现城市内涝,桂林升级洪水红色预警,桂林",中国天气,2024-06-19 16:30:40
5047007704519492,OjISSiXJ2,外交部 海警 专业 克制 中方 敦促 菲方 停止 侵权 挑衅 菲方 偷运 建筑材料 武器弹药 日 外交部 发言人 林剑 主持 例行 记者会 记者 菲律宾 侵闯 仁爱 礁 提问 菲律宾 军方 称 本周 海警 仁爱 礁 登上 菲律宾 船只 收缴 菲方 枪支 中方 证实 进一步 介绍 情况 外交部 发言人 林剑 菲律宾 不顾 中方 劝阻 执意 侵闯 南沙群岛 仁爱 礁 事态 海警 现场 执法 措施 专业 克制 旨在 拦阻 菲方 船只 非法 运补 对菲方 人员 采取措施 菲方 一再 声称 运补 生活 物资 实际上 偷运 建筑材料 武器弹药 侵占 仁爱 礁 中方 敦促 菲方 停止 侵权 挑衅 行径 中方 依法 维护 主权 权益 人民日报 记者 李安琪 视频 微博 视频,,,"https://f.video.weibocdn.com/o0/TPjdmsXPlx08fM5izIoE01041200blKk0E010.mp4?label=mp4_720p&template=720x1280.24.0&ori=0&ps=1BThihd3VLAY5R&Expires=1719059612&ssig=6awefJ3vLc&KID=unistore,video",,2024-06-19T15:57:48,微博视频号,1286,295,176,"中方敦促菲方立即停止侵权挑衅,菲方一直在偷运建筑材料武器弹药",,2024-06-19 15:57:48
5047005751543898,OjIPJ6tDA,组 数据 禁毒 最新 情况 公安部 发布会 一季度 查处 吸毒 人员 6.1 万人次 2023 破获 毒品 犯罪案件 4.2 万起 抓获 犯罪 嫌疑人 6.5 万名 缴获 毒品 25.9 吨 同比 12.6% 21% 18% 第一季度 破获 毒品 犯罪案件 1.1 万起 抓获 犯罪 嫌疑人 1.7 万名 缴获 各类 毒品 6.7 吨 同比 23.1% 38.2% 30.6% 2023 查处 吸毒 人员 19.5 万人次 同比 下降 1.1% 第一季度 查处 吸毒 人员 6.1 万人次 同比 32.3% 社区 戒毒 社区 康复 人员 23.3 万名 戒毒 康复 巩固率 85% 人民日报 记者 张天培,,"https://wx4.sinaimg.cn/large/0033ImPzly1hquqpsr1aij60nw0p0dit02.jpg,https://wx4.sinaimg.cn/large/0033ImPzly1hquqpsr053j60nw0p0tbw02.jpg,https://wx3.sinaimg.cn/large/0033ImPzly1hquqpsqae9j60nw0p0q4n02.jpg,https://wx1.sinaimg.cn/large/0033ImPzly1hquqpsqmxuj60nw0p0dif02.jpg",,,2024-06-19T15:50:03,微博网页版,1085,203,200,"4组数据看我国禁毒最新情况,今年一季度全国查处吸毒人员6.1万人次",,2024-06-19 15:50:03
5046994706630398,OjIxUrORU,见者 好运 玄武湖 并蒂莲 锦鲤 同框 近日 南京 玄武湖 一株 并蒂莲花 苞 池中 金黄 锦鲤 相衬 预计 该株 并蒂莲 本月 下旬 绽放 好运 同框 先睹为快 南京市 玄武湖 微博 视频,,,"https://f.video.weibocdn.com/o0/7zQ61iRHlx08fKxn6qkM01041200xR1J0E010.mp4?label=mp4_720p&template=1280x720.25.0&ori=0&ps=1CwnkDw1GXwCQx&Expires=1719059604&ssig=XFISZmmU20&KID=unistore,video",,2024-06-19T15:06:09,微博视频号,6272,1335,1285,"玄武湖并蒂莲与锦鲤同框,并蒂莲花苞",,2024-06-19 15:06:09
5046987169204832,OjIlKCCB2,一组 动作 改善 富贵 包 忽视 富贵 包 导致 颈部 不适 颈椎 退行性 改变 神经 受压 一系列 不良后果 教 一组 动作 改善 预防 富贵 包 试试看 CCTV 生活圈 微博 视频,,,"https://f.video.weibocdn.com/o0/3pAtcBdMlx08fL4BfMDK010412006pKd0E010.mp4?label=mp4_ld&template=360x480.24.0&ori=0&ps=1CwnkDw1GXwCQx&Expires=1719059604&ssig=wuN%2BSkXOAF&KID=unistore,video",,2024-06-19T14:36:12,微博视频号,1369,308,757,一组动作改善富贵包,,2024-06-19 14:36:12
5046977450477909,OjI6520kd,暖 帮 老人 桥 推车 姑娘 找到 事 换成 路过 帮忙 近日 浙江 嘉兴 一位 白发苍苍 爷爷 推 两辆 三轮车 吃力 爬坡 一位 路过 女孩 跑过来 帮 老人 推车 这位 女孩 叫林 宣妤 22 岁 一名 音乐 教师 网友 人美 心善 一刻 具象化 桥 推车 姑娘 找到 林宣妤 真美 人民日报 微博 视频,,,"https://f.video.weibocdn.com/o0/SjZ9MvVOlx08fLWaf7Di010412008St30E010.mp4?label=mp4_720p&template=720x1280.24.0&ori=0&ps=1BThihd3VLAY5R&Expires=1719059617&ssig=VlZTQHQwYi&KID=unistore,video",,2024-06-19T13:57:35,微博视频号,5732,561,371,"帮老人桥上推车的姑娘找到了,人美心善在这一刻具象化了",,2024-06-19 13:57:35
5046965932917334,OjHNvceVM,现场 视频 习 总书记 嘱咐 孩子 吃 营养 健康 日 下午 习近平 总书记 来到 果洛 西宁 民族 中学 走进 食堂 察看 学生 就餐 嘱咐 食堂 工作人员 确保 学生 饮食 营养 可口 习近平 青海 央视 时政 人民日报 微博 视频,,,"https://f.video.weibocdn.com/o0/xk6hXMBSlx08fLT0RGpa01041200hLfH0E010.mp4?label=mp4_720p&template=1280x720.25.0&ori=0&ps=1CwnkDw1GXwCQx&Expires=1719059604&ssig=NjyLxFHmUO&KID=unistore,video",,2024-06-19T13:11:49,微博视频号,1467,261,232,"习总书记嘱咐要让孩子们吃得营养健康,习近平青海考察调研",,2024-06-19 13:11:49
5046958211465812,OjHB369k8,视频 记录 机遇 湾区 美食 美景 港湾 浪涛 粤港澳 大湾 区 充满活力 世界级 城市群 大湾 区 机遇 文章 戳 视频 感受 机遇 湾区 机遇 港澳 人民日报 微博 视频,,,"https://f.video.weibocdn.com/o0/L8YPnlnTlx08fLQVXSPS01041201gBdd0E010.mp4?label=mp4_720p&template=1280x720.25.0&ori=0&ps=1CwnkDw1GXwCQx&Expires=1719059627&ssig=%2FM9g0C9rfo&KID=unistore,video",,2024-06-19T12:41:08,微博视频号,867,401,224,"微视频记录机遇湾区,机遇湾区机遇港澳",,2024-06-19 12:41:08
5046951974801288,OjHqZk928,最新 2024 考查 分 时间 汇总 28 省份 公布 高考 出分 时间 查分 时间 月 23 日至 26 日 一图 祝 考生 金榜题名 专业 报考 指南,,https://wx2.sinaimg.cn/large/0033ImPzly1hqujjchc98j60j61wjtrq02.jpg,,,2024-06-19T12:16:21,微博网页版,1594,525,381,"2024高考查分,28省份公布高考出分时间,专业报考指南",,2024-06-19 12:16:21
5046944047305809,OjHecuEzD,毕业 毕业 祝福 送到 毕业 季 祝 毕业 丝滑 顺利 同学 朋友 祝 搭子 调剂 生活 爱好 祝 身体健康 奔赴 山海 永葆 少年 意气 校园 作别 问好 毕业 季 祝福 壁纸 送给 心怀 勇气 祝 毕业生 不负 韶华 前程似锦 2024 毕业 季,,"https://wx1.sinaimg.cn/large/0033ImPzly1hquilhu4rtj60nz13edyg02.jpg,https://wx4.sinaimg.cn/large/0033ImPzly1hquilhw9m0j60nz13eatc02.jpg,https://wx4.sinaimg.cn/large/0033ImPzly1hquilhuqjhj60nz13etpy02.jpg,https://wx3.sinaimg.cn/large/0033ImPzly1hquilhqswaj60nz13etpw02.jpg,https://wx1.sinaimg.cn/large/0033ImPzly1hquilhpc9ej60nz13edv502.jpg,https://wx3.sinaimg.cn/large/0033ImPzly1hquilhw9r8j60nz13eqo402.jpg,https://wx2.sinaimg.cn/large/0033ImPzly1hquilhr8wij60nz13e1a802.jpg,https://wx2.sinaimg.cn/large/0033ImPzly1hquilhjmxtj60nz13eao102.jpg,https://wx4.sinaimg.cn/large/0033ImPzly1hquilh4uipj60nz13e7ep02.jpg",,,2024-06-19T11:44:51,微博网页版,2346,601,669,"这些毕业祝福送到心里了,毕业季祝福壁纸,2024毕业季",,2024-06-19 11:44:51
5046933343962871,OjGWWgCVh,北京警方 通报 外交 号牌 车辆 违停 挡路 近日 外交 号牌 车辆 朝阳区 广信 街 广泰 东路 十字路口 处因 停车 引发 纠纷 警方 初步 涉事 车辆 登记 名下 月 16 日 上午 徐 男 61 岁 余 女 58 岁 就职 夫妇 驱车 至该 地点 将车 停靠在 机动车道 违反 停车 过往 车辆通行 提醒 时 拒绝 挪车 辱骂 发表 不当 言论 不良 交通 违法 情况 公安 交管部门 依法 作出 罚款 处罚 余 夫妇 违规 饲养 犬 违法行为 属地 公安机关 法定程序 作出 对余 治安 违法行为 属地 公安机关 已立 行政案件 平安 北京,,https://wx3.sinaimg.cn/large/0033ImPzly1hquhe6dxybj60op0upqm202.jpg,,,2024-06-19T11:02:19,微博网页版,3963,756,276,北京警方通报外交号牌车辆违停挡路,平安北京,2024-06-19 11:02:19
5046932278611680,OjGVdA8i4,部位 疾病 选择 影像 检查 体检 做 体检 时 影像 科 检查 少不了 医学影像 检查 带来 健康 每多 做 CT 患癌 增加 43% 真的 专家 剂量 X光 CT 检查 辐射 健康 影像 检查 种类 应 部位 疾病 选择 详 戳 人民日报 微博 视频,,,"https://f.video.weibocdn.com/o0/vQLMxAqTlx08fLJQ4Sbu01041200yxGr0E010.mp4?label=mp4_720p&template=1280x720.25.0&ori=0&ps=1BThihd3VLAY5R&Expires=1719059632&ssig=iu5CLMQIf7&KID=unistore,video",,2024-06-19T10:58:05,微博视频号,571,174,305,"不同部位或疾病该选择哪种影像检查,一定剂量内的X光CT检查辐射不会影响健康",,2024-06-19 10:58:05
5046928679113143,OjGPpCeKb,视频 习近平 青海 日 下午 习近平 总书记 青海省 来到 西宁市 果洛 西宁 民族 中学 宏觉 寺 东西部 协作 对口 支援 铸牢 中华民族 共同体 意识 藏传佛教 界 弘扬 爱国 爱教 优良传统 民族团结 情况 央视 时政 人民日报 微博 视频,,,"https://f.video.weibocdn.com/o0/nRA2Mxqwlx08fLIR4EqQ01041200Xls70E010.mp4?label=mp4_720p&template=1280x720.25.0&ori=0&ps=1BThihd3VLAY5R&Expires=1719059635&ssig=NcosLd%2Fo43&KID=unistore,video",,2024-06-19T10:43:47,微博视频号,1160,191,232,习近平青海考察调研,,2024-06-19 10:43:47
5046925726583038,OjGKErCy2,习近平 青海 日 下午 习近平 总书记 青海省 来到 西宁市 果洛 西宁 民族 中学 宏觉 寺 东西部 协作 对口 支援 铸牢 中华民族 共同体 意识 藏传佛教 界 弘扬 爱国 爱教 优良传统 民族团结 情况 习近平 青海,,"https://wx4.sinaimg.cn/large/0033ImPzly1hqugiub3exj62yo22cx6q02.jpg,https://wx4.sinaimg.cn/large/0033ImPzly1hqugitj14ij62yo202npe02.jpg,https://wx3.sinaimg.cn/large/0033ImPzly1hqugitl41cj62yo1z4qv602.jpg,https://wx4.sinaimg.cn/large/0033ImPzly1hqugiudmw3j62p21xy1ky02.jpg,https://wx4.sinaimg.cn/large/0033ImPzly1hqugiu2hu6j62fr1pqu0x02.jpg,https://wx1.sinaimg.cn/large/0033ImPzly1hqugitai3tj62yo20ikjm02.jpg,https://wx2.sinaimg.cn/large/0033ImPzly1hqugiufblnj62yo1yze8302.jpg,https://wx1.sinaimg.cn/large/0033ImPzly1hqugisjv1jj61ym1b3e8102.jpg,https://wx3.sinaimg.cn/large/0033ImPzly1hqugiu92pzj62yo20le8302.jpg,https://wx1.sinaimg.cn/large/0033ImPzly1hqugiufh4lj62wa29ib2b02.jpg,https://wx1.sinaimg.cn/large/0033ImPzly1hqugitt551j62yo20o1kz02.jpg,https://wx2.sinaimg.cn/large/0033ImPzly1hqugiuf046j62yo24mnpf02.jpg",,,2024-06-19T10:32:03,微博网页版,1294,215,242,习近平青海考察调研,,2024-06-19 10:32:03
5046921127264339,OjGDeutML,干货 满满 高考 志愿 填报 十问 十答 2024 高考 志愿 填报 教育部 十问 十答 填报 志愿 前要 做 高考 招生 投档 录取 填报 志愿 时 思路 录取 时间 关心 愿 梦中 情校 专业 报考 指南 2024 高考 志愿 填报 教育部 十问 十答,,,,,2024-06-19T10:13:46,微博 weibo.com,13238,669,1616,"高考志愿填报十问十答,填报志愿前要做哪些准备工作,专业报考指南",,2024-06-19 10:13:46
5046914116747326,OjGrVsjhQ,俄罗斯 总统 普京 抵达 朝鲜 首都 平壤 朝鲜 时间 月 日 俄罗斯 总统 普京 抵达 朝鲜 首都 平壤 朝鲜 国事访问 朝鲜 领导人 金正恩 机场 迎接 普京 抵达 朝鲜 人民日报 微博 视频,,,"https://f.video.weibocdn.com/o0/DLUCG7fvlx08fLERXK48010412005JIT0E010.mp4?label=mp4_720p&template=720x1280.24.0&ori=0&ps=1CwnkDw1GXwCQx&Expires=1719059627&ssig=jI%2Fa2%2BUsYq&KID=unistore,video",,2024-06-19T09:45:54,微博视频号,3136,351,258,"俄罗斯总统普京抵达朝鲜首都平壤,普京抵达朝鲜",,2024-06-19 09:45:54
5046901517324050,OjG7BuJjQ,一艘 潜艇 短剧 哭 听 长征一号 核潜艇 同学 海军 首支 潜艇 部队 成立 70 周年 短剧 同学 潜艇 祝 海军 潜艇 部队 生日快乐 人民日报 微博 视频,,,"https://f.video.weibocdn.com/o0/6xZh0fsmlx08fLBAMUF20104120hxqn80E070.mp4?label=mp4_720p&template=720x1280.24.0&ori=0&ps=1CwnkDw1GXwCQx&Expires=1719059627&ssig=XELFUvoYVw&KID=unistore,video",,2024-06-19T08:55:51,微博视频号,3083,816,878,"一艘潜艇的微短剧把我看哭了,我的同学是潜艇",,2024-06-19 08:55:51
5046898426380614,OjG2CqLT8,感动 洪水 消防员 接力 托举 小奶 娃 近日 广东 梅州 暴雨 消防员 转移 群众 时 一户 被困 二楼 一名 月 婴儿 水位 上涨 蓝 朋友 驾驶 救生艇 靠近 快速 破 拆 窗户 打开 逃生 通道 一个个 搭起 人桥 接力 抱娃 蓝 朋友 双手 举 头顶 紧紧 护住 孩子 小心翼翼 转移 救生艇 网友 暴雨 逆行 消防员 致敬 消防 微博 视频,,,"https://f.video.weibocdn.com/o0/UB9yqrEslx08fKBdps9O01041200mbvV0E010.mp4?label=mp4_720p&template=720x1264.24.0&ori=0&ps=1BThihd3VLAY5R&Expires=1719059652&ssig=YvqnxjckBC&KID=unistore,video",,2024-06-19T08:43:33,微博视频号,1429,461,267,"洪水中消防员接力托举小奶娃,向暴雨中逆行的消防员致敬",,2024-06-19 08:43:33
5046880768098768,OjFA8xYRi,张 思维 导图 理清 大学 专业 哲学 经济学 法学 教育学 文学 历史学 理学 工学 农学 医学 管理学 艺术 2024 高考 志愿 填报 高等学校 本科 学科 门类 速存 报 志愿 必备 学科专业 清单 愿 考生 选到 理想 专业 专业 报考 指南,,"https://wx1.sinaimg.cn/large/0033ImPzly1hqubbjoz2sj60rs0u0dnb02.jpg,https://wx3.sinaimg.cn/large/0033ImPzly1hqubbjyhroj60rs19s14l02.jpg,https://wx1.sinaimg.cn/large/0033ImPzly1hqubbki3cqj60rs2fd1fi02.jpg,https://wx3.sinaimg.cn/large/0033ImPzly1hqubbk6ltej60rs1nuh1n02.jpg,https://wx2.sinaimg.cn/large/0033ImPzly1hqubbkxj7xj60rs5cvqv502.jpg,https://wx4.sinaimg.cn/large/0033ImPzly1hqubbjpya7j60rs0u0jze02.jpg,https://wx3.sinaimg.cn/large/0033ImPzly1hqubbkj02gj60rs2fde2w02.jpg,https://wx4.sinaimg.cn/large/0033ImPzly1hqubblijjtj60rs9z9u0z02.jpg,https://wx3.sinaimg.cn/large/0033ImPzly1hqubbkd21kj60rs2671cv02.jpg,https://wx4.sinaimg.cn/large/0033ImPzly1hqubbkjl50j60rs2j31fz02.jpg,https://wx2.sinaimg.cn/large/0033ImPzly1hqubbkjp8bj60rs2in4m102.jpg,https://wx2.sinaimg.cn/large/0033ImPzly1hqubbkifihj60rs2h5x0502.jpg",,,2024-06-19T07:33:24,微博网页版,11953,1458,9645,"12张思维导图理清大学专业,报志愿必备学科专业清单,专业报考指南",,2024-06-19 07:33:24
5046872423007621,OjFmGcCq1,努力 前行 慢 一点 没关系 再远 路 一步步 走 总能 到达 难 事 一件件 做 总有 收获 人生旅途 美妙 快速 抵达 终点 追求 充满希望 心 走 眼前 路 一步一个脚印 终能 抵达 想要 早安 追光,,https://wx1.sinaimg.cn/large/0033ImPzly1hquabykycxj60qn1bd4qp02.jpg,,,2024-06-19T07:00:15,微博网页版,6307,3443,2244,追光的你,,2024-06-19 07:00:15
5046751662965982,OjCdUcrAq,你好 明天 近期 南涝 北旱 牵动人心 涝情 旱情 灾情 群众 生产 生活 灾情 压得 越实 措施 落地 越稳 越能 效应 各类 突发事件 越能 群众 生命财产 防汛 抗旱 无小事 奋战 一线 务必 注意安全 愿 受灾 群众 平平安安 防汛 抗旱 抢险救灾 人民日报 微博 视频,,,"https://f.video.weibocdn.com/o0/8c8Y9sVJlx08fKOE3uMU01041200FMxt0E010.mp4?label=mp4_720p&template=720x1280.24.0&ori=0&ps=1BThihd3VLAY5R&Expires=1719059658&ssig=Ww2KnZoqJJ&KID=unistore,video",,2024-06-18T23:00:23,微博视频号,3549,1455,537,"你好，明天,防汛抗旱抢险救灾",,2024-06-18 23:00:23
5046749083731106,OjC9KfED8,欧洲杯 小组赛 葡萄牙 vs 捷克 看好 哪队 北京 时间 月 日 时 2024 欧洲杯 小组赛 第一轮 迎来 收官战 葡萄牙 对战 捷克 C 罗 比赛 登场 C 罗 第六届 欧洲杯 看过 几届 青春 回忆 网页 链接,,,,,2024-06-18T22:50:07,微博网页版,8874,166,71,"C罗比赛,C罗和他的第六届欧洲杯",,2024-06-18 22:50:07
5046743118384572,OjC07zbd2,人民日报 夜读 月亮 没来 静静 待花开 月亮 也许 未 理想 发挥 成绩 沉住气 别着急 一点点 靠近 一点点 努力 走得慢 没关系 风来 别忘了 追风 夜读 月亮 没来 静静 待花开,,,,,2024-06-18T22:26:26,微博 weibo.com,5206,2401,2067,人民日报夜读,,2024-06-18 22:26:26
5046729551119729,OjBEf4Hi9,跟随 新疆 阿勒泰 梦幻 繁星 感受 时光 近日 新疆 阿勒泰 白哈巴 村 摄影师 记录 繁星 闪烁 美丽 夜景 夜空 星空 流转 留下 一道道 美丽 星轨 如梦似 幻 荔枝 风景线 微博 视频,,,"https://f.video.weibocdn.com/o0/JtVBJb9Elx08fKbwfCEg01041200zv3g0E010.mp4?label=mp4_720p&template=1280x720.25.0&ori=0&ps=1CwnkDw1GXwCQx&Expires=1719059649&ssig=DPZFeOSBc7&KID=unistore,video",,2024-06-18T21:32:31,微博视频号,3106,1040,655,新疆阿勒泰梦幻繁星,,2024-06-18 21:32:31
5046722713617313,OjBtdfb1L,防汛 抗旱 抢险救灾 现场 老人 洪水 紧抱 路灯 救出 日 广东 梅州 一位 老人 洪水 围困 紧紧 抱住 路灯 动弹 消防员 小心翼翼 接近 安抚 老人 情绪 成功 老人 救出 愿 风雨 所有人 平安 关注 广东 梅州 暴雨 人民日报 微博 视频,,,"https://f.video.weibocdn.com/o0/8c8Y9sVJlx08fKOE3uMU01041200FMxt0E010.mp4?label=mp4_720p&template=720x1280.24.0&ori=0&ps=1CwnkDw1GXwCQx&Expires=1719059649&ssig=fuv4ZS31z%2B&KID=unistore,video",,2024-06-18T21:05:21,微博视频号,10311,1288,635,"防汛抗旱抢险救灾,老人洪水中紧抱路灯被救出,关注广东梅州暴雨",,2024-06-18 21:05:21
5046717546498778,OjBkSrgD0,海拔 4200 米 彩虹 接 好运 月 日 西藏 乃朗谷 彩虹 宛如 一座 巨型 拱桥 青藏高原 现 彩虹桥 林渊 刘涛 康乐,,"https://wx4.sinaimg.cn/large/0033ImPzly1hqtsjxojqyj62yo1cghdt02.jpg,https://wx3.sinaimg.cn/large/0033ImPzly1hqtsjxo4dzj635s1fse8102.jpg,https://wx4.sinaimg.cn/large/0033ImPzly1hqtsjxsuoij61x32rnu0x02.jpg,https://wx3.sinaimg.cn/large/0033ImPzly1hqtsjwvdt9j61be0zk4a802.jpg,https://wx1.sinaimg.cn/large/0033ImPzly1hqtsjx2sxaj61yx19xasl02.jpg,https://wx3.sinaimg.cn/large/0033ImPzly1hqtsjwhze9j61r80zktda02.jpg,https://wx2.sinaimg.cn/large/0033ImPzly1hqtsjx45lwj635s1fstqm02.jpg,https://wx4.sinaimg.cn/large/0033ImPzly1hqtsjxxwypj632n21g1ky02.jpg,https://wx3.sinaimg.cn/large/0033ImPzly1hqtsjxmfhkj62ps1j0e8102.jpg",,,2024-06-18T20:44:49,微博网页版,2513,846,679,"海拔4200米的彩虹,青藏高原现巨大彩虹桥",,2024-06-18 20:44:49
5046707698536557,OjB4ZzOKp,北科大 研究室 毕业 礼物 钻戒 近日 北京科技大学 碳基 材料 薄膜 研究室 2024 届 每位 毕业生 收到 研究室 钻石戒指 黑 钻 0.5 克拉 钻 0.5 克拉 这枚 毕业 钻石 北斗 卫星 长征 七号 系列 蜘蛛网 星网 星链 北科大 送 钻石,,"https://wx1.sinaimg.cn/large/0033ImPzly1hqtrh4y5uhj60u00gw0ty02.jpg,https://wx3.sinaimg.cn/large/0033ImPzly1hqtrh4xyrnj60u00gwgmv02.jpg,https://wx4.sinaimg.cn/large/0033ImPzly1hqtrh4ywqoj60u00k0ac902.jpg,https://wx4.sinaimg.cn/large/0033ImPzly1hqtrh4yhssj60u00gv3zt02.jpg",,,2024-06-18T20:05:41,微博网页版,1470,399,176,"北科大一研究室毕业礼物是钻戒,这枚毕业钻石的技术曾用于北斗卫星",北京科技大学,2024-06-18 20:05:41
5046702107791807,OjAVYwH0j,痛心 梅州 因公殉职 日 上午 时 广东 梅州 平远县 东石镇 白岭 村 挂 村 组长 马平 疏散 转移 群众 突遇 山体 滑坡 房屋 坍塌 马平 掩埋 因公殉职 梅州 殉职 生前 带队 转移 500 多人 月 16 日 平远县 东石镇 持续性 强降雨 多个 村庄 被淹 马平 时间 带领 工作组 疏散 转移 群众 500 多人 强降雨 次日 凌晨 马平 带领 工作组 连夜 作战 安抚 临时 安置 村委会 群众 疏散 转移 周边 群众 地点 马平 转移 群众 时遇 滑坡 殉职 日 上午 时 马平 白岭 村 疏散 转移 群众 因公殉职 马 平生 1978 11 月 2008 月 中国共产党 生前 平远县 东石镇 行政 执法 队 副队长 主办 梅州市 广播 电视台 痛心 平 远东 石镇 马平 同志 疏散 转移 群众 因公殉职,,"https://wx1.sinaimg.cn/large/0033ImPzly1hqtqtjhf0oj60u00glgr802.jpg,https://wx4.sinaimg.cn/large/0033ImPzly1hqtqsyak6uj611a0j24m302.jpg,https://wx3.sinaimg.cn/large/0033ImPzly1hqtqsyh2ocj61180ts7wh02.jpg,https://wx1.sinaimg.cn/large/0033ImPzly1hqtqt9y1jej61la18wkjl02.jpg",,,2024-06-18T19:43:28,微博网页版,1498,409,180,"梅州一干部因公殉职,梅州殉职干部生前带队转移500多人,马平转移群众时遇滑坡殉职",,2024-06-18 19:43:28
5046693794678506,OjAIzjD5M,招 缓解 轻度 中暑 近期 北方 天气炎热 防暑降温 中暑 信号 轻度 中暑 医生 建议 找到 无名指 尺侧 关冲 穴 按压 分钟 用凉 毛巾 冷敷 额头 手边 毛巾 湿纸巾 凉水 打湿 衣服 CCTV 生活圈 微博 视频,,,"https://f.video.weibocdn.com/o0/FT2ZsO5dlx08fKrIUdjW01041200aMiV0E010.mp4?label=mp4_720p&template=720x1280.24.0&ori=0&ps=1Cx9YB1mmR49jS&Expires=1719059624&ssig=ky5s2Zb2kp&KID=unistore,video",,2024-06-18T19:10:26,微博视频号,681,283,265,"2招缓解轻度中暑,如何发现中暑的信号",,2024-06-18 19:10:26
5046686196172150,OjAwjpTEO,校长 雨中 致辞 放弃 千字 讲 分钟 月 日 长江 大学 毕业典礼 学校 两地 办学 荆州 下雨 武汉 暴晒 校长 放弃 原定 3100 字 讲稿 分钟 讲完 无论是 烈日 风雨 从容应对 识变 应变 求变 积极进取 奋发有为 雨中 毕业典礼 校长 简版 致辞 人民日报 微博 视频,,,"https://f.video.weibocdn.com/o0/391qQGmwlx08fKEG15DW010412006Qmw0E010.mp4?label=mp4_720p&template=720x1280.24.0&ori=0&ps=1CwnkDw1GXwCQx&Expires=1719059661&ssig=kG1Ea%2BsL2H&KID=unistore,video",,2024-06-18T18:40:15,微博视频号,2654,352,275,"校长雨中致辞放弃3千字只讲1分钟,雨中毕业典礼校长极简版致辞",,2024-06-18 18:40:15
5046671176372184,OjA85qJHa,超 治愈 风车 海 海边 大风车 越来越 海边 旅行 大风车 数据 显示 海上 风电 累计 装机 连续 两年 位居 全球 首位 海上 大风车 见证 海上 风电 快速 游客 喜闻乐见 打卡 打卡 感受 中国式 万千气象 视界 人民日报 微博 视频,,,"https://f.video.weibocdn.com/o0/0o8NClbFlx08fKAzupjO01041200vU630E010.mp4?label=mp4_720p&template=720x1280.24.0&ori=0&ps=1BThihd3VLAY5R&Expires=1719059667&ssig=sjvIhuqKOD&KID=unistore,video",,2024-06-18T17:40:34,微博视频号,992,435,246,"为什么海边的大风车越来越多,中国式现代化的万千气象,视界这么美",,2024-06-18 17:40:34
5046662461915567,OjzU282kf,锐评 姜萍 关心 打扰 围绕 姜萍 讨论 最多 励志 感动 祝福 泼天 流量 之下 偏 迹象 人才 成长 关心 不应 时时 聚光灯 呵护 人才 少 添些 喧嚣 安宁 成长 留出 锐评 姜萍 关心 打扰,,,,,2024-06-18T17:05:56,微博 weibo.com,10707,994,794,"人民锐评,对姜萍最好的关心是不打扰",,2024-06-18 17:05:56
5046655348902154,OjzIyBlR8,名单 公示 多名 奥运冠军 入选 巴黎 奥运 名单 中国跳水队 游泳队 巴黎 奥运 名单 公示 月 日 下午 国家体育总局 游泳 中心 公示 入选 巴黎 奥运会 跳水 游泳 马拉松 游泳 花样游泳 项目 运动员 名单 跳水 女 运动员 陈 艺文 昌雅妮 陈芋汐 全红婵 男 运动员 王宗源 谢思 埸 龙道 杨 昊 曹 缘 练 俊杰 游泳 女 运动员 张雨 霏 叶 诗文 李冰 洁 杨浚 瑄 唐钱婷 余依婷 彭旭玮 吴卿 风 柳雅欣 杨 畅 万 乐天 汪 雪儿 高唯中 陈露颖 汤慕涵 程玉洁 葛楚彤 孔雅琪 男 运动员 13 汪 徐嘉余 覃 海洋 潘展乐 董 志豪 季新杰 王浩宇 张展 硕 王长 浩 孙佳俊 费立纬 陈俊儿 牛 广盛 马拉松 游泳 女 辛 鑫 花样游泳 女 冯 雨 昊 王赐 月 张雅怡 王柳懿 王芊懿 肖雁宁 玢 璇 Ap 替补 运动员 程文 涛 人民日报 记者 孙 龙飞,,https://wx1.sinaimg.cn/large/0033ImPzly1hqtlfry247j60t81tf7b502.jpg,,,2024-06-18T16:37:40,微博网页版,12989,1123,783,"多名奥运冠军入选巴黎奥运名单,中国跳水队游泳队巴黎奥运名单公示",,2024-06-18 16:37:40
5046647128853507,OjzviB9cv,习近平 防汛 抗旱 作出 指示 防汛 抗旱 抢险救灾 中共中央 总书记 主席 中央军委 主席 习近平 防汛 抗旱 作出 指示 习近平 指出 近期 南方 多地 强降雨 广东 福建 洪涝 地质灾害 人员伤亡 财产损失 北方 地区 旱情 南涝 北旱 习近平 灾情 千方百计 搜救 失联 被困 人员 妥善安置 受灾 群众 生产 生活 秩序 限度 降低 灾害 损失 习近平 主 汛期 防汛 形势 日趋 严峻 地区 进一步 强化 风险意识 底线 思维 压实 统筹 扎实 做好 防汛 抗旱 抢险救灾 各项 灾害 监测 预警 排查 隐患 备足 装备 物资 工作预案 效应 各类 突发事件 切实 群众 生命财产 大局 稳定 网页 链接,,https://wx1.sinaimg.cn/large/0033ImPzly1hqtkikyci7j60ob0obgr902.jpg,,,2024-06-18T16:05:00,微博网页版,818,179,210,防汛抗旱抢险救灾,,2024-06-18 16:05:00
5046640205366898,Ojzk8mwaS,塞纳河 巴黎 奥运会 开幕式 彩排 画面 巴黎 奥运 开幕式 北京 时间 凌晨 点半 时间 日 数十艘 船 参加 塞纳河 巴黎 奥运 开幕式 彩排 205 代表团 搭乘 80 多艘 船 航行 抵达 埃菲尔铁塔 对岸 广场 参加 仪式 导演 称 塞纳河 开幕 首选 巴黎 2024 奥运 开幕式 北京 时间 月 27 日 凌晨 点半 央视 人民日报 微博 视频,,,"https://f.video.weibocdn.com/o0/FOlj0W5Dlx08fKs801ew01041200KO4l0E010.mp4?label=mp4_720p&template=1280x720.25.0&ori=0&ps=1BThihd3VLAY5R&Expires=1719059674&ssig=GUp58EDOyu&KID=unistore,video",,2024-06-18T15:37:30,微博视频号,1686,339,276,"巴黎奥运会开幕式彩排,巴黎奥运开幕式北京时间凌晨1点半开始,巴黎2024奥运开幕式",,2024-06-18 15:37:30
5046630069309570,Ojz3MD3Qm,转弯 真牛 36 米 罐子 36 次 大转弯 这件 大家伙 运往 一线 座 桥梁 36 弯道 211 处 空中 处 极窄 路段 运输 难度 临时 拆除 道路设施 揭秘 超长 超重 超高 大件 运输 致敬 运输 建设者 请 大块头 特种兵 悄悄 城市 穿过 人民日报 微博 视频,,,"https://f.video.weibocdn.com/o0/SiacGEghlx08fKplKjjG010412037m4L0E020.mp4?label=mp4_720p&template=1280x720.25.0&ori=0&ps=1CwnkDw1GXwCQx&Expires=1719059661&ssig=SfLgGihD3l&KID=unistore,video",,2024-06-18T14:57:13,微博视频号,913,252,192,"36米大罐子如何完成36次大转弯,超长超重超高的大件是怎么运输的",,2024-06-18 14:57:13
5046627024242488,OjyYShNFe,圆明园 荷花 好会开 月 圆明园 荷花 开 色彩 姿态 感受 圆明园 荷花 之美,,"https://wx4.sinaimg.cn/large/0033ImPzly1hqti66w3auj61kw1674fa02.jpg,https://wx4.sinaimg.cn/large/0033ImPzly1hqti66ua72j61kw15hnco02.jpg,https://wx3.sinaimg.cn/large/0033ImPzly1hqti66vdnrj61kw1504f402.jpg,https://wx4.sinaimg.cn/large/0033ImPzly1hqti66xdnmj61kw150h3102.jpg,https://wx4.sinaimg.cn/large/0033ImPzly1hqti66qod3j61kw150qgr02.jpg,https://wx2.sinaimg.cn/large/0033ImPzly1hqti66wx9oj61kw15hh3702.jpg,https://wx3.sinaimg.cn/large/0033ImPzly1hqti66yxsaj61kw150trb02.jpg,https://wx1.sinaimg.cn/large/0033ImPzly1hqti66yiwkj618k1kwwyb02.jpg,https://wx3.sinaimg.cn/large/0033ImPzly1hqti66ynyjj61kw150e0i02.jpg",,,2024-06-18T14:45:07,微博网页版,3979,1143,963,"圆明园荷花好会开,圆明园荷花之美",,2024-06-18 14:45:07
5046608003599367,Ojyucf6mj,场面 温馨 25 头 亚洲象 组团 出游 其乐融融 近日 野生 亚洲象 大噜胞 一家 25 头 欢聚 云南 西双版纳 野象 谷 景区 漫步 雨林 河中 打闹 嬉戏 一派 其乐融融 景象 大家庭 出游 25 头 亚洲象 雨林 戏水 其乐融融 人民日报 微博 视频,,,"https://f.video.weibocdn.com/o0/0FifmLJRlx08fKjlzO1O01041200qFiE0E010.mp4?label=mp4_720p&template=1280x720.25.0&ori=0&ps=1CwnkDw1GXwCQx&Expires=1719059677&ssig=2Ztxmm6RpA&KID=unistore,video",,2024-06-18T13:29:32,微博视频号,1859,520,375,25头亚洲象组团出游其乐融融,,2024-06-18 13:29:32
5046595880225868,OjyaE0WL2,高温 天穿 少 凉快 炎炎夏日 气温 攀升 人会 高温 天里 穿 少 一点 短裤 背心 凉 拖 凉快 天热时 穿 太少 热 晒伤 夏季 衣服 怕热 紧身 材质 不透气 选错 颜色 凉爽 穿衣 穿 戳 生命 时报 高温 天 穿得 越少 越 凉快,,,,,2024-06-18T12:41:22,微博 weibo.com,904,515,450,"高温天穿得少不一定更凉快,夏季3种衣服让你更怕热",,2024-06-18 12:41:22
5046588261274611,OjxYm5lAf,打击 缅北 电诈 一新 成果 150 名 缅北 跨境 电诈 嫌犯 移交 我方 电诈 嫌犯 冒充 军人 交友 诈骗 近日 公安部 强化 缅甸 执法 警务 执法 打击 成功 捣毁 位于 大其力 地区 电诈 窝点 抓获 150 名 跨境 电信 诈骗 中国籍 犯罪 嫌疑人 逃 人员 14 名 犯罪 嫌疑人 涉案 物品 云南 西双版纳 打洛 口岸 移交 我方 经查 该批 犯罪 嫌疑人 藏匿于 大其力 地区 一处 电诈 园区 冒充 军人 交友 虚假 投资 理财 诈骗 公安部 部署 贵州 公安机关 犯罪 嫌疑人 押回 案件 侦办 公安部 刑侦局 微博 视频 人民日报 记者 张天培,,,"https://f.video.weibocdn.com/o0/QxmtZ5vilx08fKa83v6o0104120170UJ0E010.mp4?label=mp4_720p&template=720x1280.24.0&ori=0&ps=1BThihd3VLAY5R&Expires=1719059682&ssig=lIQZk%2F%2FFVD&KID=unistore,video",,2024-06-18T12:11:05,微博视频号,1395,438,232,"150名在缅北跨境电诈嫌犯被移交我方,电诈嫌犯冒充军人通过交友方式实施诈骗",,2024-06-18 12:11:05
5046575686747024,OjxE4sjcY,农 学生 想 顺利 毕业 经历 意外 毕业论文 偷吃 前不久 四川 一位 农 学生 毕业论文 惨遭 毒手 辛苦 种植 番茄 植株 两侧 各有 七枚 果实 摘掉 顶端 设想 葫芦娃 阵型 瞬间 打破 每到 毕业 期末 农 学生 流下 辛酸泪 偷吃 🤯,,"https://wx1.sinaimg.cn/large/0033ImPzly1hqtcb8tl82g608w0c27wm02.gif,https://wx3.sinaimg.cn/large/0033ImPzly1hqtcb7uui9g60d00hokjn02.gif,https://wx2.sinaimg.cn/large/0033ImPzly1hqtcb5trzsj60ig14sn7502.jpg,https://wx1.sinaimg.cn/large/0033ImPzly1hqtcb7nzneg609a0cw7wj02.gif,https://wx3.sinaimg.cn/large/0033ImPzly1hqtcb5yd3ij60ja0pih8902.jpg,https://wx4.sinaimg.cn/large/0033ImPzly1hqtcb5vqbwj609a0c20y902.jpg,https://wx1.sinaimg.cn/large/0033ImPzly1hqtcb5uwnij609a0cwgrs02.jpg,https://wx1.sinaimg.cn/large/0033ImPzly1hqtcb5wydjj60qd0v67pu02.jpg,https://wx3.sinaimg.cn/large/0033ImPzly1hqtcb61pxsj60u013jhdt02.jpg",,,2024-06-18T11:21:07,微博网页版,2773,536,310,"农学生想顺利毕业要经历多少意外,谁把我的毕业论文给偷吃了",,2024-06-18 11:21:07
5046566231999248,OjxoP8o5W,年前 高考 623 分 脑瘫 少年 毕业 祝 如愿 脑瘫 少年 保送 苏州大学 读研 年前 脑瘫 少年 姚俊鹏 623 分 成绩 考上 药科 大学 月 姚俊鹏 迎来 本科 毕业典礼 姚俊鹏 保送 苏州大学 政治 公共 学院 攻读 政治学 硕士 研究生 祝 姚俊鹏 毕业生 如愿 前程似锦 我苏 特稿 微博 视频,,,"https://f.video.weibocdn.com/o0/V807CQ4clx08fK6myXza01041200diKu0E010.mp4?label=mp4_720p&template=720x1280.24.0&ori=0&ps=1BThihd3VLAY5R&Expires=1719059665&ssig=mmFKhUmeq0&KID=unistore,video",,2024-06-18T10:43:33,微博视频号,2498,509,264,"4年前高考623分的脑瘫少年毕业了,脑瘫少年被保送至苏州大学读研",中国药科大学,2024-06-18 10:43:33
5046558355097304,Ojxc7lo2A,祝你好运 莲莲 延时 摄影 看花开 并蒂 月 日 浙江 武义 摄影师 延时 摄影 记录 并蒂莲 雨中 瞬间 网友 花 开 并蒂 主打 同步 浙江日报 微博 视频,,,"https://f.video.weibocdn.com/o0/v1P9YdHalx08fK2Fl3z201041200ayIn0E010.mp4?label=mp4_720p&template=720x1280.24.0&ori=0&ps=1CwnkDw1GXwCQx&Expires=1719059677&ssig=bGYgs5YrGQ&KID=unistore,video",,2024-06-18T10:12:15,微博视频号,8347,1542,1493,延时摄影看花开并蒂,,2024-06-18 10:12:15
5046549266828681,OjwXssEs1,专业 报考 指南 转需 看似 撞 脸 实则 专业 高考 结束 填报 志愿 时 专业 名称 各有不同 金融学 vs 金融 工程 生物工程 vs 生物医学 工程 医学 影像学 vs 医学影像 大学 专业 分清 转给 填报 志愿 TA,,"https://wx1.sinaimg.cn/large/0033ImPzly1hqt989d2mmj60m80oxtda02.jpg,https://wx2.sinaimg.cn/large/0033ImPzly1hqt989eh5ij60m80oxae802.jpg,https://wx3.sinaimg.cn/large/0033ImPzly1hqt989c8iaj60m80oxdjw02.jpg,https://wx4.sinaimg.cn/large/0033ImPzly1hqt989cgsoj60m80oxtd602.jpg,https://wx1.sinaimg.cn/large/0033ImPzly1hqt989clhfj60m80oxq7c02.jpg,https://wx1.sinaimg.cn/large/0033ImPzly1hqt989bvyuj60m80ox78i02.jpg,https://wx2.sinaimg.cn/large/0033ImPzly1hqt989c9gsj60m80oxdk202.jpg,https://wx4.sinaimg.cn/large/0033ImPzly1hqt989ckjcj60m80ox0x702.jpg,https://wx4.sinaimg.cn/large/0033ImPzly1hqt989coumj60m80oxgqc02.jpg,https://wx1.sinaimg.cn/large/0033ImPzly1hqt989b5vgj60m80oxwi302.jpg",,,2024-06-18T09:36:08,微博网页版,1693,381,1080,"专业报考指南,看似撞脸实则不同的专业,这些大学专业你分清了吗",,2024-06-18 09:36:08
5046544073492702,OjwP5eEBU,女孩 跟随 父亲 策马 巡边 好飒 近日 内蒙古 呼伦贝尔 女孩 身着 迷彩服 手举 五星红旗 策马 驰骋 跟随 父亲 巡边 女孩 父亲 础 鲁 一家 护边员 每到 寒暑假 孩子 巡边 踏查 女儿 最常 说 一句 话 努力 守护 祖国 边境线 家 职责 视频 微博 视频,,,"https://f.video.weibocdn.com/o0/Y7MHeaKFlx08fJ1lbYOs010412008ffu0E010.mp4?label=mp4_720p&template=720x1280.24.0&ori=0&ps=1CwnkDw1GXwCQx&Expires=1719059677&ssig=yOjLaxj4HC&KID=unistore,video",,2024-06-18T09:15:30,微博视频号,3713,706,586,女孩跟随父亲策马巡边好飒,,2024-06-18 09:15:30
5046531340632968,Ojwuy2EFa,教育部 提醒 警惕 报 志愿 高价 辅导 陷阱 教育部 提醒 考生 家长 谨慎 市面上 各类 志愿 填报 指导 轻信 高价 指导 咨询 不必要 经济损失 志愿 填报 发放 高考 志愿 规划师 资格证书 考生 应 高考 成绩 兴趣 志向 高校 招生 填报 学业 职业 路 简单 交付 机构 详 戳 专业 报考 指南 教育部 提醒 考生 家长 警惕 高价 辅导 陷阱,,,,,2024-06-18T08:24:54,微博 weibo.com,811,373,368,"教育部提醒警惕报志愿高价辅导陷阱,从未发放过高考志愿规划师类资格证书,专业报考指南",,2024-06-18 08:24:54
5046525594699244,OjwlhjIug,关注 广东 梅州 暴雨 广东 千名 消防员 增援 梅州 广东省 防汛 防旱 防风 总指挥部 办公室 日 通报 16 日 广东 梅州市 多地 大暴雨 局部 特 大暴雨 广东省 消防 救援 总队 调派 潮州 揭阳 汕头 广州 深圳 惠州 东莞 佛山 河源 机动 训保 支队 森林 消防 广东 机动 队伍 1190 名 消防 救援 人员 前往 梅州 增援 救援 消防 救援 愿 平安 消防 微博 视频,,,"https://f.video.weibocdn.com/o0/Qa1IwX5wlx08fJp7Gbza01041200cLGe0E010.mp4?label=mp4_720p&template=720x1280.24.0&ori=0&ps=1BThihd3VLAY5R&Expires=1719059697&ssig=knbzSUjtfv&KID=unistore,video",,2024-06-18T08:02:04,微博视频号,1248,492,261,"关注广东梅州暴雨,广东上千名消防员增援梅州",,2024-06-18 08:02:04
5046518099215595,Ojw9bCFoD,硬核 国之 重器 更是 国之 底气 神 十八 发射成功 嫦娥 六号 月 背 挖宝 福建 舰 成功 海试 地面 空间站 正式 亚洲 深水 导管 架 海基 二号 安装 就位 首个 行 星际 闪烁 监测 望远镜 正式 建成 2024 过半 天下 海的国 重器 见证 自立自强 奋进 2024 大国 重器 突破 致敬 前行,,"https://wx2.sinaimg.cn/large/0033ImPzly1hqt5o1ngeoj60j60sun7702.jpg,https://wx4.sinaimg.cn/large/0033ImPzly1hqt5o1lu60j60j60sutey02.jpg,https://wx2.sinaimg.cn/large/0033ImPzly1hqt5o1lb99j60j60su7b502.jpg,https://wx3.sinaimg.cn/large/0033ImPzly1hqt5o1ne63j60j60suwng02.jpg,https://wx2.sinaimg.cn/large/0033ImPzly1hqt5o1n9tnj60j60su7el02.jpg,https://wx4.sinaimg.cn/large/0033ImPzly1hqt5o1jwohj60j60su7ax02.jpg,https://wx4.sinaimg.cn/large/0033ImPzly1hqt5o1b9npj60j60sugpp02.jpg,https://wx1.sinaimg.cn/large/0033ImPzly1hqt5o1ip7kj60j60sugse02.jpg,https://wx1.sinaimg.cn/large/0033ImPzly1hqt5o1kttwj60j60sudnd02.jpg",,,2024-06-18T07:32:17,微博网页版,7127,1001,2147,"国之重器更是国之底气,奋进中国,2024大国重器新突破",,2024-06-18 07:32:17
5046510098057176,OjvWhxO2s,努力 幸运 伏笔 抵达 远方 翻山越岭 焦虑 专注 眼前 事 做好 回头 终会 努力 幸运 伏笔 愿 不负 时光 勇敢 向前 加油 追光,,https://wx3.sinaimg.cn/large/0033ImPzly1hqt4re065zj60rs15o7fy02.jpg,,,2024-06-18T07:00:30,微博网页版,5959,2918,2105,追光的你,,2024-06-18 07:00:30
5046394743687040,OjsWeftao,你好 明天 中专 女 生姜 萍 闯进 全球 数学 竞赛 强 热度 持续上升 钦佩 祝福 担忧 关爱 善意 令人感动 表达 边界 需 守住 流量 消费 隐私 呵护 人才 少 添些 喧嚣 安宁 专注 留出 求学 路 后边 比赛 成绩 求知 感受 科学 之美 足够 答案 交给 时间 追随 内心 前行,,https://wx4.sinaimg.cn/large/0033ImPzly1hqsrixt6usj60u013kq6r02.jpg,,,2024-06-17T23:22:07,微博网页版,18662,2250,1635,你好，明天,,2024-06-17 23:22:07
5046392394876904,OjsSrksHK,梅州 一级 防汛 响应 广东 梅州 防汛 响应 一级 日 梅州 暴雨 遇难 15 人失联 救援 关注 广东 梅州 暴雨 愿 平安 人民日报 微博 视频,,,"https://f.video.weibocdn.com/o0/qnM7bqGXlx08fJmxN5M401041200pKaz0E010.mp4?label=mp4_720p&template=720x1280.24.0&ori=0&ps=1CwnkDw1GXwCQx&Expires=1719059700&ssig=fPoNWaU9Zd&KID=unistore,video",,2024-06-17T23:12:47,微博视频号,1659,664,583,"梅州发布一级防汛响应,梅州暴雨致5人遇难15人失联,关注广东梅州暴雨",,2024-06-17 23:12:47
5046386209069131,OjsIsC3ij,人民日报 夜读 做 做 做 幸福 定义 追求 太 生活 选择 多些 理解 共情 做 看法 里 患得患失 专注 共勉 夜读 做 做,,,,,2024-06-17T22:48:12,微博 weibo.com,6091,2139,2408,人民日报夜读,,2024-06-17 22:48:12
5046373955142233,OjsoHlzJf,可爱 壁纸 藏羚羊 高原 精灵 近日 西藏 那曲 境内 羌塘 国家级 自然保护区 无人区 深处 藏羚羊 迁徙 数据 显示 近年 西藏 藏羚羊 增至 多万只 高原 精灵 壁纸 一张 值得 珍藏 人民日报 记者 徐驭 尧,,"https://wx4.sinaimg.cn/large/0033ImPzly1hqsp4hjxiij635s23vkjo02.jpg,https://wx1.sinaimg.cn/large/0033ImPzly1hqsp4iydadj647i2t0qva02.jpg,https://wx2.sinaimg.cn/large/0033ImPzly1hqsp4jctkfj641k2p14qv02.jpg,https://wx1.sinaimg.cn/large/0033ImPzly1hqsp4i81jjj63dm293e8502.jpg,https://wx3.sinaimg.cn/large/0033ImPzly1hqsp4br8a2j60u00k0go302.jpg,https://wx3.sinaimg.cn/large/0033ImPzly1hqsp4i8i9hj62rj45bu1102.jpg,https://wx2.sinaimg.cn/large/0033ImPzly1hqsp4jawejj641k2p11l302.jpg,https://wx1.sinaimg.cn/large/0033ImPzly1hqsp4jd64bj62p141kqva02.jpg,https://wx3.sinaimg.cn/large/0033ImPzly1hqsp4bqtq2j60u00k0gn702.jpg",,,2024-06-17T21:59:31,微博网页版,1866,874,451,"藏羚羊就是高原上的精灵吧,西藏藏羚羊已增至30多万只",,2024-06-17 21:59:31
5046363358238962,Ojs7Byzku,简单 易学 适合 运动 前 拉伸 动作 运动 前 记得 先 拉伸 健康 杭州 人民日报 微博 视频,,,"https://f.video.weibocdn.com/o0/M59TEsBulx08fJeAmnSg01041200ahvk0E010.mp4?label=mp4_720p&template=576x1024.24.0&ori=0&ps=1CwnkDw1GXwCQx&Expires=1719059700&ssig=LPuoP0RESs&KID=unistore,video",,2024-06-17T21:17:24,微博视频号,2489,568,1224,适合运动前的拉伸动作,,2024-06-17 21:17:24
5046355933794718,OjrVDfVb8,广东 梅州 暴雨 遇难 15 人失联 月 16 日 广东 梅州 多地 大暴雨 局部 特 大暴雨 平远县 泗水 镇 24 小时 降水 达 369.3 毫米 全市 多地 受灾 日 平远县 泗水 镇 仁居镇 东石镇 蕉岭县 礤 镇 梅县 区松源 镇 多处 山洪 山体 滑坡 死亡 15 人失联 13 受困 广东 关注 广东 梅州 暴雨 情况通报,,https://wx3.sinaimg.cn/large/0033ImPzly1hqsn32wkz0j60zw0zf7j402.jpg,,,2024-06-17T20:47:54,微博网页版,868,437,221,"梅州暴雨致5人遇难15人失联,关注广东梅州暴雨",,2024-06-17 20:47:54
5046352469296750,OjrQ2D0vA,澳门 citywalk 明信片 打卡 澳门 必备 知识点 提起 澳门 总会 想到 大三巴 金莲花 澳门 塔 蛋挞 米其林 餐厅 联合国教科文组织 评为 创意 城市 美食 澳门 跟随 一组 创意 海报 感受 机遇 湾区 机遇 港澳 澳门 回归祖国 25 周年 想 澳门,,"https://wx4.sinaimg.cn/large/0033ImPzly1hqsmjmjhm7j60u01hcqv502.jpg,https://wx2.sinaimg.cn/large/0033ImPzly1hqsmjmkexkj60u01hcqv502.jpg,https://wx1.sinaimg.cn/large/0033ImPzly1hqsmjmc9uoj60u01hce8102.jpg,https://wx1.sinaimg.cn/large/0033ImPzly1hqsmjm8rx4j60u01hcb2902.jpg,https://wx4.sinaimg.cn/large/0033ImPzly1hqsmjmh9kfj60u01hckjl02.jpg,https://wx2.sinaimg.cn/large/0033ImPzly1hqsmjmewvmj60u01hchdt02.jpg",,,2024-06-17T20:34:08,微博网页版,785,253,196,"澳门citywalk明信片,机遇湾区机遇港澳,澳门回归祖国25周年",,2024-06-17 20:34:08
5046341484419237,OjrykixE1,海军 上线 创意 视频 网友 表白 登上 福建 舰 福建 舰 下水 周年 一段 创意 视频 福建 舰海试 网友 祝福 做成 航母 福建 舰 网友 双向 奔赴 好燃 祝福 海军 微博 视频,,,"https://f.video.weibocdn.com/o0/Z6FZlIv9lx08fJ2wBqeY01041200yMmN0E010.mp4?label=mp4_720p&template=1280x720.25.0&ori=0&ps=1CwnkDw1GXwCQx&Expires=1719059700&ssig=OV7ZngnnxG&KID=unistore,video",,2024-06-17T19:50:29,微博视频号,897,297,214,"网友的表白登上了福建舰,福建舰和网友的双向奔赴好燃",,2024-06-17 19:50:29
5046335321672091,Ojroo70Zd,毕业 歌词 海报 致敬 青春 两天 校园 拍 毕业 身影 里 有人 说 毕业 说不出口 情绪 歌词 里 梦想 奋斗 友情 歌 触动 话题 2024 毕业 歌 晒出 毕业 视频 精彩 片段 2024 毕业 歌 歌词 海报 祝 毕业生 前程似锦,,"https://wx4.sinaimg.cn/large/0033ImPzly1hqsklej78hj60u01hctdk02.jpg,https://wx1.sinaimg.cn/large/0033ImPzly1hqsklem5z0j60u01hc7av02.jpg,https://wx4.sinaimg.cn/large/0033ImPzly1hqsklemaunj60u01hcaen02.jpg,https://wx3.sinaimg.cn/large/0033ImPzly1hqsknq232jj60u01hc45r02.jpg,https://wx3.sinaimg.cn/large/0033ImPzly1hqsklekhtxj60u01hcte302.jpg,https://wx1.sinaimg.cn/large/0033ImPzly1hqsklej13tj60u01hcgpu02.jpg,https://wx1.sinaimg.cn/large/0033ImPzly1hqsklem925j60u01hctee02.jpg,https://wx4.sinaimg.cn/large/0033ImPzly1hqsklelw16j60u01hcqaa02.jpg,https://wx3.sinaimg.cn/large/0033ImPzly1hqsklenzr9j60u01hc11c02.jpg",,,2024-06-17T19:26:00,微博网页版,4394,502,437,"毕业歌词海报,毕业说不出口的情绪都藏在歌词里了,2024毕业歌",,2024-06-17 19:26:00
5046327555133444,OjrbRlxru,习近平 祝贺 黄埔军校 建校 100 周年 暨 黄埔军校 同学会 成立 40 周年 坚定 反独 促统 同心 共圆 梦 黄埔军校 建校 100 周年 暨 黄埔军校 同学会 成立 40 周年 之际 中共中央 总书记 主席 中央军委 主席 习近平 发来 贺信 代表 中共中央 黄埔军校 同学会 热烈祝贺 海内外 黄埔 同学 亲属 致以 诚挚 问候 习近平 贺信 指出 黄埔军校 第一次 国共合作 产物 第一所 革命 军队干部 学校 黄埔军校 同学会 中国共产党 领导 海内外 黄埔 同学 亲属 爱国 群众团体 成立 始终 秉持 发扬 黄埔 精神 联络 同学 感情 祖国统一 致力 振兴中华 宗旨 党和国家 大局 两岸 反对 台独 分裂 祖国统一 作出 习近平 征程 黄埔军校 同学会 牢记 建会 宗旨 政治 使命 弘扬 爱国 革命 黄埔 精神 进一步 强化 思想 引领 发挥 坚定 反 促统 同心 共圆 梦 凝心 聚力 希望 海内外 黄埔 同学 亲属 忘 先辈 遗志 勇担 重任 投身 中国式 强国 民族 复兴 伟业 作出贡献 纪念 黄埔军校 建校 100 周年 暨 黄埔军校 同学会 成立 40 周年 座谈会 日 在京举行 会上 宣读 习近平 贺信 中共 中央政治局常委 全国政协 主席 王沪宁 出席 讲话 王沪宁 在讲话中 习近平 总书记 始终 心系 海内外 黄埔 同学 亲属 黄埔军校 建校 100 周年 暨 黄埔军校 同学会 成立 40 周年 贺信 充分肯定 黄埔军校 功绩 黄埔军校 同学会 深刻 阐明 黄埔军校 同学会 性质 宗旨 使命 海内外 黄埔 同学 亲属 提出 殷切期望 做好 黄埔军校 同学会 领会 抓好 贯彻落实 王沪宁 海内外 黄埔 同学 亲属 爱国 革命 光荣 优良传统 祖国统一 民族 复兴 力量 传承 弘扬 爱国 革命 黄埔 精神 致力于 中华民族 复兴 投身 中国式 共襄 强国 民族 复兴 伟业 坚定不移 祖国 统一大业 积极参与 两岸 两岸 青年 传承 弘扬 中华文化 两岸 同胞 交往 交融 中越 走 越近 越 走 越亲 增进 民族 认同 铸牢 中华民族 共同体 意识 反对 台独 分裂 外部 势力 干涉 维护 台海 和平 稳定 坚定 守护 中华民族 家园 黄埔军校 同学会 贯彻落实 习近平 总书记 指示 批示 贺信 精神 牢 正确方向 发挥 努力 发挥 更大 中共中央政治局 委员 中央统战部 部长 石泰峰 主持 座谈会 全国人大常委会 副委员长 民革中央 主席 郑 建邦 代表 民主党派 中央 群众团体 贺词 全国政协 主席 兼 秘书长 王 东峰 出席 座谈会 黄埔军校 同学会 负责人 台湾 黄埔 同学 代表 会上 发言 中央 国家机关 团体 负责同志 民主党派 中央 负责人 海峡两岸 港澳 海外 黄埔 同学 亲属 代表 黄埔军校 同学会 负责人 参加 座谈会 网页 链接 人民日报 微博 视频,,,"https://f.video.weibocdn.com/o0/6U34aigylx08fJ5NxLhC01041200hMLo0E010.mp4?label=mp4_720p&template=1280x720.25.0&ori=0&ps=1BThihd3VLAY5R&Expires=1719059716&ssig=fhn4o2%2FQ%2Bt&KID=unistore,video",,2024-06-17T18:55:08,微博视频号,1998,320,325,"习近平祝贺黄埔军校建校100周年,坚定反独促统同心共圆中国梦",,2024-06-17 18:55:08
5046319632090793,OjqZ58LUt,转扩 教育部 免费 帮高 考生 报 志愿 教育部 首次 上线 阳光 志愿 官方 专业 报考 指南 考生 免费 干什么 考生 选 大学 选 专业 针对性 专业 职业 心理 个性 志愿 往年 录取 情况 考生 高考 成绩 位次 稳保 填报 原则 心理 个性化 志愿 参考 建议 戳 链接 网页 链接 攻略 教育部 推出 免费 帮高 考生 报 志愿,,,,,2024-06-17T18:23:39,微博 weibo.com,840,238,357,"这个系统可免费帮高考生报志愿,专业报考指南",,2024-06-17 18:23:39
5046311768294303,OjqMoyNJ5,海警 对菲 船艇 管制 措施 合理合法 菲船 蓄意 碰撞 中方 航行 船只 月 日 菲律宾 违背 承诺 派出 艘 运补船 艘 充气 艇 非法 闯入 南沙群岛 仁爱 礁 邻近 海域 非法 坐滩 军舰 运送 物资 期间 菲运 补船 危险 接近 蓄意 碰撞 中方 航行 船只 海警 对菲 船艇 依法 警告 拦阻 登临 检查 强制 驱离 管制 措施 处置 合理合法 专业 正告 菲方 形式 侵权 挑衅 徒劳无益 海警 全时 戒备 严阵以待 维护 领土 主权 海洋权益,,https://wx1.sinaimg.cn/large/0033ImPzly1hqsi0b99vcj60z70lewnp02.jpg,,,2024-06-17T17:52:24,微博网页版,897,223,124,"中国海警对菲船艇管制措施合理合法,菲船蓄意碰撞中方正常航行船只",中国海警,2024-06-17 17:52:24
5046296117511036,Ojqn9vvXK,外交部 驳斥 七国集团 公报 涉华 议题 七国集团 公报 说三道四 中国外交部 例行 记者会 记者 问及 七国集团 峰会 发表 公报 炒作 涉华 议题 妄谈 台海 局势 东海 南海 涉港 涉疆 涉藏 说三道四 炒作 产能 过剩 外交部 发言人 林剑 七国集团 峰会 公报 操弄 涉华 议题 污蔑 攻击 翻炒 事实 缺乏 法律依据 道义 可言 陈词滥调 充斥 傲慢 偏见 谎言 七国集团 代表 七国仅 占 全球 人口 10% 全球 中所 占 份额 逐年 下降 世界 增长 贡献率 总和 不及 经济总量 购买力 平价 计算 金砖 超越 七国集团 早已 偏离 协调 稳定 成立 初衷 越来越 维护 美国 西方 霸权 政治 家法 家规 置于 联合国 宪章 宗旨 原则 国际法 之上 全球 公信力 七国集团 违背 和平 潮流 七国集团 口口声声 维护 世界 和平 意识形态 价值观 划线 大肆 渲染 民主 对抗 威权 虚假 叙事 小圈子 挑动 阵营 对抗 地区冲突 拱火 浇油 甩锅 推责 派 军舰 军机 亚太地区 制造 紧张局势 轮番 武装 台湾 威胁 台海 和平 稳定 破坏 秩序 危害 和平 错误 行径 越来越 正义 力量 唾弃 视频 微博 视频,,,"https://f.video.weibocdn.com/o0/bNnX4ueMlx08fK1w8NP201041200AWMX0E010.mp4?label=mp4_720p&template=720x1280.24.0&ori=0&ps=1BThihd3VLAY5R&Expires=1719059724&ssig=mZMsFgR8vm&KID=unistore,video",,2024-06-17T16:50:13,微博视频号,1621,384,221,"外交部驳斥七国集团公报涉华议题,七国集团公报又对中国说三道四",,2024-06-17 16:50:13
5046289655925168,OjqcJoRpe,单月 快递 147.8 亿件 创 新高 一个月 收 几件 快递 月 日 国家邮政局 数据 显示 2024 月 快递 业务量 147.8 亿件 继 月 刷新 月度 业务量 新高 人民日报 记者 韩鑫 网页 链接,,,,,2024-06-17T16:24:32,微博网页版,7353,220,87,"我国单月快递147.8亿件创历史新高,你一个月收几件快递",,2024-06-17 16:24:32
5046286567082132,Ojq7KtInW,壮观 内蒙古草原 飞奔 马马马 马马马 近日 内蒙古 乌兰布 统 坝上 草原 万马奔腾 画面 热血沸腾 内蒙古草原 万马奔腾 气势 感 视界 创作者 摄影师 吴亚轩 人民日报 微博 视频,,,"https://f.video.weibocdn.com/o0/8vXTHpQElx08fITCqG1a01041200vrfR0E010.mp4?label=mp4_720p&template=1366x720.25.0&ori=0&ps=1CwnkDw1GXwCQx&Expires=1719059713&ssig=Y2bDdbB%2BKP&KID=unistore,video",,2024-06-17T16:12:16,微博视频号,1477,510,382,"内蒙古草原上飞奔的马马马马马马,内蒙古草原万马奔腾的气势感",,2024-06-17 16:12:16
5046277150870739,OjpSz3Ewb,快讯 商务部 原产 欧盟 猪肉 反倾销 立案 月 日 商务部 反倾销 公告 原产 欧盟 进口 猪肉 猪 副产品 反倾销 立案 详 戳 商务部 公告 2024 23 号 原产 欧盟 进口 猪肉 猪 副产品 反倾销 立案 公告 商务部 原产 欧盟 进口 猪肉 猪 副产品 反倾销 立案,,,,,2024-06-17T15:34:51,微博 weibo.com,780,191,199,"商务部对原产欧盟的猪肉反倾销立案,商务部发布反倾销调查公告",,2024-06-17 15:34:51
5046267654702741,OjpDfjJoF,荷花 蜻蜓 同框 意境 拉满 夏日 荷花 蜻蜓 诗意 邂逅 人才 懂 意境 行走 美丽 杭州 微博 视频,,,"https://f.video.weibocdn.com/o0/KdfaCTyzlx08fHiC2aIg010412002En00E010.mp4?label=mp4_720p&template=720x1280.24.0&ori=0&ps=4ub7gI97adQ&Expires=1719059712&ssig=S4JAY6yT2M&KID=unistore,video",,2024-06-17T14:57:07,微博视频号,3688,1050,1093,"荷花与蜻蜓同框意境拉满,行走美丽中国",,2024-06-17 14:57:07
5046252900714682,Ojpfs2ZV8,有用 科普 夏天 吹 空调 健康 空调 使用不当 引发 疾病 空调 清洁 时 空调 清洁 避开 误区 长时间 吹 空调 干眼 提醒,,"https://wx3.sinaimg.cn/large/0033ImPzly1hqsb64o33wj60rs0xc78l02.jpg,https://wx4.sinaimg.cn/large/0033ImPzly1hqsb64ombij60rs0xctd102.jpg,https://wx3.sinaimg.cn/large/0033ImPzly1hqsb64pn2fj60rs101tfa02.jpg,https://wx1.sinaimg.cn/large/0033ImPzly1hqsb64oy8xj60rs101jwo02.jpg,https://wx3.sinaimg.cn/large/0033ImPzly1hqsb64nkmoj60rs0uwgpo02.jpg,https://wx1.sinaimg.cn/large/0033ImPzly1hqsb64pjg3j60rs14wteu02.jpg,https://wx3.sinaimg.cn/large/0033ImPzly1hqsb64pnk7j60rs16kq9602.jpg,https://wx1.sinaimg.cn/large/0033ImPzly1hqsb64pk3hj60rs135q9002.jpg,https://wx3.sinaimg.cn/large/0033ImPzly1hqsb64pjtcj60rs135q9c02.jpg",,,2024-06-17T13:58:29,微博网页版,950,398,991,"夏天怎样吹空调才健康,长时间吹空调可能会干眼",,2024-06-17 13:58:29
5046239028580988,OjoT4A0j2,早 汉简 里 记载 军犬 军犬 2000 年前 汉代 边塞 战士 防御 敌人 守卫 粮仓 好帮手 居延 汉简 记载 狗少 一不入 笼 吏卒 检查 军犬 时 少 一只 一只 不听话 不愿进 笼子 2000 年前 铲 屎 官 文物 记下 人民日报 微博 视频,,,"https://f.video.weibocdn.com/o0/zdwPBYNolx08fIGE9EaQ01041200puYD0E010.mp4?label=mp4_720p&template=1280x720.25.0&ori=0&ps=1CwnkDw1GXwCQx&Expires=1719059733&ssig=J4p2q6Qidy&KID=unistore,video",,2024-06-17T13:03:22,微博视频号,1232,562,433,"早在汉简里就记载了军犬,2000年前的铲屎官被文物记下了",,2024-06-17 13:03:22
5046232332372196,OjoIh9X7e,给予 澳大利亚 单方面 免签 月 日 澳大利亚 纳入 单方面 免签 澳大利亚 单方面 免签 央视,,https://wx4.sinaimg.cn/large/0033ImPzly1hqs8vnzyk7j60j60j6gnj02.jpg,,,2024-06-17T12:36:45,微博网页版,8910,1247,694,"中国给予澳大利亚单方面免签,中国对澳大利亚单方面免签",,2024-06-17 12:36:45
5046219409459617,OjonqDGSt,想 听 清晨 空腹 测 体重 准确 清晨 空腹 鞋子 厚 衣物 双臂 自然 下垂 头部 正对 前方 身体 重心 平衡 读取 体重 秤 数值 测算 BMI 年龄段 BMI 参考 岁 成年人 18.5 23.9 65 岁 老年人 26.9 80 岁 高龄 老年人 22 26.9,,https://wx2.sinaimg.cn/large/0033ImPzly1hqs7c20a72j60k03oj7hm02.jpg,,,2024-06-17T11:45:24,微博网页版,1078,494,463,"清晨空腹测体重更准确,各年龄段BMI指标参考",,2024-06-17 11:45:24
5046209964933140,Ojo8ckHkM,黄文秀 离开 整整 缅怀 硕士 毕业 回到 家乡 广西 百色 申请 贫困村 担任 第一书记 82 天 全村 88 户 418 脱贫 2019 月 日 凌晨 深夜 冒雨 奔 受灾 群众 不幸遭遇 山洪 岁 年轻 生命 永远 定格 扶贫 路上 黄文秀 牺牲 前 家人 发 缅怀 致敬 人民日报 微博 视频,,,"https://f.video.weibocdn.com/o0/g0G5RsJplx07WTxaX9sY01041200FXY30E010.mp4?label=mp4_720p&template=1280x720.25.0&ori=0&ps=1BThihd3VLAY5R&Expires=1719059735&ssig=914gvnabKJ&KID=unistore,video",,2024-06-17T11:07:51,微博视频号,10415,963,938,"黄文秀离开整整5年了,黄文秀牺牲前给家人发的信息",,2024-06-17 11:07:51
5046202929775918,OjnWQF1a6,蔡斌 女排 主力 参加 世 联赛 决赛 蔡斌 点评 女排 近期 表现 中国女排 按计划 月 日 香港 返回 福建 漳州 备战 集训 兵 分两路 日 队员 前往 泰国 曼谷 参加 世界 女排 联赛 总决赛 分站赛 参加 比赛 主力 留在 漳州 主教练 蔡斌 安排 年轻 队员 总决赛 高水平 比赛 锻炼 巴黎 奥运会 比赛 做 铺垫 体育报 微博 视频,,,"https://f.video.weibocdn.com/o0/lv2SVksQlx08fIoUum4U01041200zfHi0E010.mp4?label=mp4_720p&template=720x1280.24.0&ori=0&ps=1BThihd3VLAY5R&Expires=1719059738&ssig=NF4Npq1k5R&KID=unistore,video",,2024-06-17T10:39:55,微博视频号,889,349,128,"女排部分主力不参加世联赛决赛,蔡斌点评女排近期表现",,2024-06-17 10:39:55
5046194827167707,OjnJMu4Eb,跨越 时空 月 日 骄傲 征途 星辰 大海 月 日 那年 今日 1967 月 日 首颗 氢弹 爆炸 成功 2021 月 日 神舟 十二号 发射成功 2022 月 日 第三艘 航母 福建 舰 下水 福建 舰 周岁 生日快乐 跨越 时空 奋斗 行而 不辍 期,,https://wx1.sinaimg.cn/large/0033ImPzly1hqs4jiy02yj60rs19gb2902.jpg,,,2024-06-17T10:07:43,微博网页版,3008,774,872,"跨越时空的6月17日,福建舰2周岁生日快乐",,2024-06-17 10:07:43
5046190330349963,OjnCx1t2z,专业 误解 哭笑不得 2024 高考 志愿 填报 专业 种种原因 误解 计算机 电脑 心理 读心 物流 工程 送 快递 眼中 专业 VS 实际上 专业 解释 专业 话题 专业 报考 指南 考生 消除 误区 提前,,"https://wx3.sinaimg.cn/large/0033ImPzly1hqrzx6asqsj60rs0xctkj02.jpg,https://wx4.sinaimg.cn/large/0033ImPzly1hqrzx7n8fuj60rs0xcwps02.jpg,https://wx1.sinaimg.cn/large/0033ImPzly1hqrzx8ohsvj60rs0z9n9n02.jpg,https://wx4.sinaimg.cn/large/0033ImPzly1hqrzx9zd46j60rs0xywqm02.jpg,https://wx4.sinaimg.cn/large/0033ImPzly1hqrzxbgplnj60rs0xy7g102.jpg,https://wx4.sinaimg.cn/large/0033ImPzly1hqrzxcgve9j60rs11bnbp02.jpg,https://wx3.sinaimg.cn/large/0033ImPzly1hqrzxdoe23j60rs1087gs02.jpg,https://wx1.sinaimg.cn/large/0033ImPzly1hqrzxes54mj60rs108amz02.jpg,https://wx4.sinaimg.cn/large/0033ImPzly1hqrzxfvpe0j60rs10815s02.jpg",,,2024-06-17T09:49:51,微博网页版,992,292,548,"哪些专业误解让你哭笑不得,别人眼中你的专业VS实际上你的专业,专业报考指南",,2024-06-17 09:49:51
5046182682297561,Ojnqc9DHr,成都 朝霞 红日 初升 其道 大光 朝霞 渐渐 点燃 天际 温柔 粉红色 明亮 橙黄色 迎接 一周 成都,,"https://wx1.sinaimg.cn/large/0033ImPzly1hqs36me3yuj60zk0k0q4i02.jpg,https://wx4.sinaimg.cn/large/0033ImPzly1hqs2v1p947j60u01t0n5702.jpg,https://wx4.sinaimg.cn/large/0033ImPzly1hqs2v1jk8hj60u00mh76402.jpg,https://wx3.sinaimg.cn/large/0033ImPzly1hqs2v1kui9j60u01hcdiq02.jpg,https://wx4.sinaimg.cn/large/0033ImPzly1hqs2v1g70hj60u00k0myl02.jpg,https://wx2.sinaimg.cn/large/0033ImPzly1hqs2v1kcsjj60u0190mza02.jpg,https://wx4.sinaimg.cn/large/0033ImPzly1hqs2v1jxqvj60u00mignc02.jpg,https://wx1.sinaimg.cn/large/0033ImPzly1hqs2v1jwcjj60u00k0q4j02.jpg,https://wx1.sinaimg.cn/large/0033ImPzly1hqs2v1k5saj60u00miacn02.jpg","https://f.video.weibocdn.com/o0/x1tJOI14lx08fIrhyfFe0104120071nU0E010.mp4?label=mp4_720p&template=1280x720.25.0&ori=0&ps=1CwnkDw1GXwCQx&Expires=1719059733&ssig=gsVUhIu9oh&KID=unistore,video",,2024-06-17T09:19:28,微博网页版,4654,1439,1040,成都朝霞,,2024-06-17 09:19:28
5046171814856887,Ojn8FknuT,扫码 不该 只能 扫码 肚子 填饱 个人信息 先 填饱 您好 请 扫码 点餐 餐饮店 街边 小店 只能 扫码 点餐 扫个 二维码 跳转 多个 页面 添加 好友 关注 公众 号 填写 个人信息 点单 扫一扫 便捷,,,,,2024-06-17T08:36:17,微博 weibo.com,2342,575,368,"可以扫码不该变成只能扫码,肚子没填饱个人信息先填饱了",,2024-06-17 08:36:17
5046161034183559,OjmRhhykL,姜萍 数学老师 有话 说 服装设计 岁 中专 女 生姜 萍 闯进 全球 数学 竞赛 强 决赛 数学老师 王闰秋想 说点 姜萍 决赛 想要 成绩 希望 过多 苛责 过多 苛责 姜萍 决赛 成绩 希望 姜萍 享受 比赛 发挥 数学 竞赛 参加 初赛 名次 学生 姜萍 这挺 弟子 师 央视,,https://wx2.sinaimg.cn/large/0033ImPzly1hqs0nxcaduj60sy0sfqlq02.jpg,,,2024-06-17T07:53:26,微博网页版,4669,658,420,"姜萍的数学老师有话说,不要过多苛责姜萍的决赛成绩",,2024-06-17 07:53:26
5046156212306967,OjmJv9G99,首颗 氢弹 爆炸 成功 依然 热血 1967 月 日 自行设计 制造 第一颗 氢弹 爆炸 成功 世界 第四个 氢弹 首颗 氢弹 爆炸 成功 珍贵 画面 致敬 两弹一星 元勋 人民日报 微博 视频,,,"https://f.video.weibocdn.com/o0/yHOUxlE9lx08fIk2W0Yg01041200gjRK0E010.mp4?label=mp4_720p&template=1280x720.25.0&ori=0&ps=1CwnkDw1GXwCQx&Expires=1719059743&ssig=%2B3deDGdWMF&KID=unistore,video",,2024-06-17T07:34:17,微博视频号,3890,637,897,"再看我国首颗氢弹爆炸成功依然热血,我国首颗氢弹爆炸成功珍贵画面",,2024-06-17 07:34:17
5046148777903601,Ojmxvxa5r,海警 中方 管制 非法 闯 仁爱 礁 海域 菲 船只 月 日 菲律宾 艘 运补船 非法 闯入 南沙群岛 仁爱 礁 邻近 海域 海警 依法 对菲 船只 管制 措施 时 59 分 菲运 补船 无视 中方 严正 警告 违反 海上 避碰 专业 危险 接近 中方 航行 船只 导致 擦碰 菲方 菲律宾 一运 补船 非法 闯入 仁爱 礁 海域,,https://wx3.sinaimg.cn/large/0033ImPzly1hqrz9pw7btj614e0m40zp02.jpg,,,2024-06-17T07:04:44,微博网页版,8232,1198,762,"中方管制非法闯仁爱礁海域的菲船只,菲律宾一运补船非法闯入仁爱礁海域",,2024-06-17 07:04:44
5046147590652751,OjmvB2JOf,笑容 开启 元气 满满的 一周 一周 加油打气 辜负 时光 值得 热爱 请 时间 铭记 每一分 付出 努力 愿 勇敢 前行 美好 出发 早安 追光,,https://wx2.sinaimg.cn/large/0033ImPzly1hqrz1dhh5vj60u01hckb802.jpg,,,2024-06-17T07:00:01,微博网页版,4917,3139,1806,追光的你,,2024-06-17 07:00:01
